,ts_code,trade_date,open,high,low,close,pct_chg,vol
0,002405.SZ,20100518,14.7282,17.684,14.7282,16.2911,12.3834,329530.39
1,002405.SZ,20100519,16.8177,17.8652,16.0249,17.0612,4.7271,217564.57
2,002405.SZ,20100520,16.393,16.6535,15.6852,16.1155,-5.543,142236.68
3,002405.SZ,20100521,16.1155,17.7293,16.0815,17.7293,10.014,135410.6
4,002405.SZ,20100524,18.6183,19.5017,18.3465,19.5017,9.997,125780.02
5,002405.SZ,20100525,19.3658,20.8834,18.9751,20.2718,3.9489,179495.69
6,002405.SZ,20100526,19.6376,20.1076,19.0883,19.3488,-4.5531,93339.99
7,002405.SZ,20100527,19.3488,21.1778,19.3488,20.4417,5.6484,112786.58
8,002405.SZ,20100528,20.3851,21.3986,19.564,20.8494,1.9945,115166.66
9,002405.SZ,20100531,20.5549,21.6308,20.2718,20.3851,-2.2269,82681.46
10,002405.SZ,20100601,20.1869,20.3624,18.9807,19.6319,-3.6949,79092.07
11,002405.SZ,20100602,19.479,21.0136,19.094,20.7418,5.6536,96179.59
12,002405.SZ,20100603,20.5549,20.8834,19.9887,20.1019,-3.0851,78207.07
13,002405.SZ,20100604,19.7622,19.8924,19.1959,19.7055,-1.972,64014.19
14,002405.SZ,20100607,19.1393,20.5719,19.0827,20.2095,2.5577,71224.41
15,002405.SZ,20100608,20.2095,20.8664,19.9604,20.6682,2.2697,66117.04
16,002405.SZ,20100609,20.7871,21.5742,20.2888,20.47,-0.959,78813.73
17,002405.SZ,20100610,20.4757,22.3613,20.3851,21.9253,7.1094,89140.34
18,002405.SZ,20100611,21.6874,22.4972,21.5176,21.9026,-0.1035,76061.58
19,002405.SZ,20100617,21.9592,22.7407,20.7305,20.8607,-4.757,70280.57
20,002405.SZ,20100618,20.5549,21.1212,19.6263,19.9547,-4.3431,51625.14
21,002405.SZ,20100621,19.8471,21.1438,19.8471,20.9513,4.9943,47940.92
22,002405.SZ,20100622,20.8664,21.2344,20.5889,20.6682,-1.3512,32640.81
23,002405.SZ,20100623,20.3228,21.7157,20.2548,21.4553,3.8083,50661.06
24,002405.SZ,20100624,21.2344,21.9139,20.9513,21.1778,-1.2934,34340.31
25,002405.SZ,20100625,20.9343,21.4949,20.3907,20.6342,-2.5668,32167.07
26,002405.SZ,20100628,20.4417,20.906,19.2525,19.6489,-4.7751,54582.72
27,002405.SZ,20100629,19.496,19.7735,18.2333,18.6863,-4.899,54023.74
28,002405.SZ,20100630,18.5617,18.9751,18.4088,18.7882,0.5453,29190.22
29,002405.SZ,20100701,18.7882,18.9298,17.8426,18.1087,-3.6166,33120.3
30,002405.SZ,20100702,17.8935,18.6127,17.2707,18.4711,2.0012,36609.01
31,002405.SZ,20100705,18.1653,18.9977,17.9955,18.7656,1.5944,31466.09
32,002405.SZ,20100706,18.6353,19.3092,18.5561,18.9185,0.8148,29502.44
33,002405.SZ,20100707,18.8562,18.9411,18.4711,18.7939,-0.6586,24149.7
34,002405.SZ,20100708,18.9411,19.026,18.3069,18.4315,-1.9283,22983.82
35,002405.SZ,20100709,18.4032,19.2412,18.188,18.9638,2.888,36526.02
36,002405.SZ,20100712,18.8505,19.0657,18.6863,18.9751,0.0596,25669.95
37,002405.SZ,20100713,18.7203,18.8392,18.1257,18.6863,-1.522,18442.28
38,002405.SZ,20100714,18.7429,19.3092,18.4824,18.6863,0.0,31519.94
39,002405.SZ,20100715,18.7542,19.1336,18.5164,18.6183,-0.3639,25493.29
40,002405.SZ,20100716,18.3465,18.8448,18.0634,18.3465,-1.4599,20913.85
41,002405.SZ,20100719,18.1653,18.6976,18.1427,18.573,1.2346,15641.62
42,002405.SZ,20100720,18.573,19.564,18.5164,19.3488,4.177,51842.17
43,002405.SZ,20100721,19.06,19.4677,19.026,19.094,-1.3169,31558.09
44,002405.SZ,20100722,19.094,19.5243,18.9694,19.4904,2.076,28113.75
45,002405.SZ,20100723,19.53,19.5923,19.1223,19.3092,-0.9297,23952.7
46,002405.SZ,20100726,19.2525,19.4168,19.0827,19.3658,0.2931,17249.43
47,002405.SZ,20100727,19.3375,19.3375,19.0713,19.1393,-1.1696,19069.11
48,002405.SZ,20100728,19.026,19.3941,18.8109,19.3431,1.0648,27912.01
49,002405.SZ,20100729,19.3488,20.3794,19.2639,20.1359,4.0986,51573.02
50,002405.SZ,20100730,19.9887,20.1642,19.6149,19.8641,-1.3498,24467.82
51,002405.SZ,20100802,19.8867,20.6059,19.8188,20.5323,3.3639,36115.48
52,002405.SZ,20100803,20.5493,20.6116,19.9887,19.9887,-2.6475,23741.65
53,002405.SZ,20100804,19.9887,20.0736,19.5074,20.034,0.2266,20390.62
54,002405.SZ,20100805,20.2095,20.5266,19.8075,19.8698,-0.8196,22900.26
55,002405.SZ,20100806,19.8188,20.1302,19.4224,20.0906,1.1112,22751.25
56,002405.SZ,20100809,20.0963,20.5493,20.0227,20.4643,1.8601,27744.85
57,002405.SZ,20100810,20.3907,20.4417,19.5357,19.5357,-4.5377,24081.83
58,002405.SZ,20100811,19.4677,19.7508,19.2469,19.5527,0.087,16425.6
59,002405.SZ,20100812,19.3318,19.6433,19.0997,19.0997,-2.3168,16925.02
60,002405.SZ,20100813,19.111,19.4224,19.0827,19.3375,1.245,10149.88
61,002405.SZ,20100817,19.6433,20.4983,19.6433,20.3794,5.388,61558.07
62,002405.SZ,20100818,20.1359,21.5402,20.0057,21.0476,3.2788,103093.87
63,002405.SZ,20100819,20.9513,21.0985,20.5323,20.6908,-1.6952,41814.85
64,002405.SZ,20100820,20.7248,21.325,20.4417,20.7022,0.0551,39251.85
65,002405.SZ,20100823,20.6795,21.8573,20.2152,21.5629,4.1575,50548.64
66,002405.SZ,20100824,21.4609,22.2537,21.1099,21.829,1.2341,43430.42
67,002405.SZ,20100825,21.7101,21.795,21.2797,21.4609,-1.6863,29186.87
68,002405.SZ,20100826,21.5798,22.4802,21.4609,21.9139,2.1108,35022.72
69,002405.SZ,20100827,21.8007,22.316,21.4666,21.8516,-0.2843,32140.13
70,002405.SZ,20100830,21.9026,22.4122,21.5176,22.3386,2.2287,35923.38
71,002405.SZ,20100831,22.214,24.5187,21.9592,23.8845,6.9203,65275.68
72,002405.SZ,20100901,23.6693,24.0883,22.6048,23.188,-2.9161,52016.42
73,002405.SZ,20100902,23.3296,24.4507,23.0351,24.0827,3.8585,38891.11
74,002405.SZ,20100903,24.983,25.5096,23.5617,24.0204,-0.2587,48755.33
75,002405.SZ,20100906,23.8675,24.3431,22.9162,23.2616,-3.159,36118.7
76,002405.SZ,20100907,23.0974,23.7033,22.9898,23.4711,0.9006,20001.57
77,002405.SZ,20100908,23.3862,23.9751,23.3352,23.7542,1.2062,20000.82
78,002405.SZ,20100909,23.6523,24.5187,23.4994,23.7259,-0.1191,30326.36
79,002405.SZ,20100910,23.7089,23.9807,22.6501,23.3975,-1.3841,28859.39
80,002405.SZ,20100913,23.1993,23.6297,23.0011,23.4315,0.1453,19189.12
81,002405.SZ,20100914,23.4315,24.1506,23.3579,23.6636,0.9905,18497.69
82,002405.SZ,20100915,23.6636,25.068,23.5164,24.5243,3.6372,45292.23
83,002405.SZ,20100916,24.3488,24.6772,23.1993,23.1993,-5.4028,33968.82
84,002405.SZ,20100917,23.3296,23.4994,22.1291,22.333,-3.7342,29237.46
85,002405.SZ,20100920,22.4066,22.4519,21.3194,21.393,-4.209,23671.72
86,002405.SZ,20100921,21.6251,21.9253,21.4609,21.5062,0.5291,10736.2
87,002405.SZ,20100927,21.795,22.248,20.9343,22.1008,2.7648,19855.93
88,002405.SZ,20100928,21.9422,22.6387,21.8007,22.1857,0.3841,16329.27
89,002405.SZ,20100929,22.1971,22.3499,21.3477,21.359,-3.7263,14947.97
90,002405.SZ,20100930,21.3986,21.6988,21.0589,21.4779,0.5567,16914.95
91,002405.SZ,20101008,21.5968,21.9706,21.41,21.795,1.4764,21706.54
92,002405.SZ,20101011,21.8233,21.9706,21.1212,21.1948,-2.7538,32684.13
93,002405.SZ,20101012,21.6195,22.6444,21.5232,21.8743,3.206,39421.0
94,002405.SZ,20101013,21.9139,22.3952,21.6931,22.299,1.9415,29047.38
95,002405.SZ,20101014,22.6501,23.2106,22.0725,22.5368,1.0664,52612.14
96,002405.SZ,20101015,22.3952,22.8199,21.8007,21.9139,-2.7639,30776.78
97,002405.SZ,20101018,21.9706,22.0838,19.7622,19.932,-9.044,53572.37
98,002405.SZ,20101019,19.9773,21.1212,19.9773,20.9513,5.1139,26465.41
99,002405.SZ,20101020,20.5549,21.5685,20.4983,21.1325,0.8649,24389.01
100,002405.SZ,20101021,21.4892,21.7327,21.2231,21.5232,1.8488,20683.84
101,002405.SZ,20101022,21.6874,22.5878,21.6874,22.2027,3.1571,29834.94
102,002405.SZ,20101025,22.4689,23.0917,22.4689,22.9049,3.1627,28060.18
103,002405.SZ,20101026,23.0747,23.0747,22.2537,22.5085,-1.7306,25887.8
104,002405.SZ,20101027,22.6387,23.0181,22.0272,22.2027,-1.3586,20391.66
105,002405.SZ,20101028,22.3386,23.4371,22.0838,23.4258,5.5088,31334.69
106,002405.SZ,20101029,23.4541,24.4054,23.3862,23.7259,1.2811,40215.1
107,002405.SZ,20101101,24.598,26.0985,24.5243,26.0985,10.0,15818.78
108,002405.SZ,20101102,27.5651,28.4258,26.1552,26.1552,0.2173,97465.59
109,002405.SZ,20101103,26.1042,27.8029,25.9853,26.5006,1.3206,47036.93
110,002405.SZ,20101104,26.1042,27.7293,25.5946,27.2933,2.9913,32619.41
111,002405.SZ,20101105,27.3783,27.6331,26.9253,27.1914,-0.3734,21587.7
112,002405.SZ,20101108,27.2084,29.7112,27.2084,29.3545,7.9551,48576.15
113,002405.SZ,20101109,28.8788,29.1619,28.1993,28.5504,-2.7393,25655.6
114,002405.SZ,20101110,28.2559,29.2412,27.6897,28.2106,-1.1902,25290.6
115,002405.SZ,20101111,27.8822,29.4564,27.7463,27.8426,-1.3045,28599.31
116,002405.SZ,20101112,27.2877,27.7463,25.4813,25.5946,-8.074,40109.17
117,002405.SZ,20101115,25.7361,28.0125,25.7135,27.6557,8.0529,30935.78
118,002405.SZ,20101116,27.6557,28.8109,26.0476,26.6138,-3.7674,29194.7
119,002405.SZ,20101117,26.6138,27.3499,25.2548,25.5946,-3.8296,31952.96
120,002405.SZ,20101118,26.0476,26.4213,25.4813,26.2911,2.7213,15774.97
121,002405.SZ,20101119,26.4439,28.3409,26.4439,28.1087,6.9134,43581.25
122,002405.SZ,20101122,28.3579,30.8324,28.3409,29.6659,5.5399,48619.37
123,002405.SZ,20101123,29.3998,30.0623,28.9581,29.983,1.0689,30549.8
124,002405.SZ,20101124,29.6942,30.7758,29.4451,30.4926,1.6996,26234.15
125,002405.SZ,20101125,30.2945,30.7984,29.0487,29.3148,-3.8626,28489.81
126,002405.SZ,20101126,29.06,29.9377,28.8109,29.3998,0.29,14425.77
127,002405.SZ,20101129,29.7452,30.0057,29.0374,29.4451,0.1541,15005.01
128,002405.SZ,20101130,29.4451,29.6716,27.1801,28.1993,-4.2309,24766.14
129,002405.SZ,20101201,28.0294,28.0578,27.4349,27.5934,-2.1486,12087.83
130,002405.SZ,20101202,28.1993,29.1506,28.1993,28.573,3.5501,17955.45
131,002405.SZ,20101203,28.5277,28.7259,27.4519,27.7067,-3.0319,12883.39
132,002405.SZ,20101206,27.6784,27.8029,26.3307,26.5289,-4.251,19451.63
133,002405.SZ,20101207,26.3364,27.6217,26.2231,27.4915,3.6285,13130.35
134,002405.SZ,20101208,27.4632,28.3126,27.4575,27.8596,1.339,16517.73
135,002405.SZ,20101209,27.8596,28.0294,26.8856,26.9706,-3.191,10529.99
136,002405.SZ,20101210,27.3103,29.6659,27.3103,29.6546,9.9516,37101.25
137,002405.SZ,20101213,29.9547,30.5776,29.4451,30.2378,1.9666,30336.71
138,002405.SZ,20101214,30.4643,32.2084,30.0566,30.521,0.9366,30314.25
139,002405.SZ,20101215,30.5266,31.1382,30.0396,30.6342,0.3709,19031.06
140,002405.SZ,20101216,30.1812,32.265,30.1359,31.1325,1.6266,25268.35
141,002405.SZ,20101217,31.1382,32.7746,30.4134,32.1971,3.4196,29420.69
142,002405.SZ,20101220,31.9932,33.0068,30.5946,32.4179,0.6858,30226.33
143,002405.SZ,20101221,32.4179,32.4462,31.2514,31.3986,-3.1443,25792.96
144,002405.SZ,20101222,31.3986,31.9932,30.8097,31.3194,-0.2522,15728.08
145,002405.SZ,20101223,31.0759,31.4213,30.1416,30.2095,-3.5438,14228.44
146,002405.SZ,20101224,30.0113,30.2039,28.6976,29.6602,-1.8183,17853.6
147,002405.SZ,20101227,29.6602,30.7475,28.9921,29.6716,0.0384,17590.02
148,002405.SZ,20101228,29.6716,29.6716,28.1314,28.3126,-4.5801,14123.89
149,002405.SZ,20101229,28.3126,29.5583,27.9275,29.1619,2.9997,16441.73
150,002405.SZ,20101230,29.1619,30.2831,28.9921,29.7225,1.9224,13720.69
151,002405.SZ,20101231,29.7112,31.1382,29.7112,30.8381,3.7534,16574.7
152,002405.SZ,20110104,31.3986,31.4836,30.3001,30.9173,0.2568,14259.14
153,002405.SZ,20110105,30.8607,31.0589,30.3567,30.4417,-1.5383,12618.56
154,002405.SZ,20110106,30.4643,30.6908,29.8811,30.0963,-1.1346,10023.5
155,002405.SZ,20110107,30.1246,30.3228,28.9921,29.2072,-2.9542,17595.73
156,002405.SZ,20110110,29.1053,29.1336,28.1767,28.3126,-3.0629,16424.06
157,002405.SZ,20110111,28.2843,28.2956,27.1744,27.5198,-2.8002,15689.69
158,002405.SZ,20110112,27.7746,28.3749,27.4066,28.3635,3.0658,14599.65
159,002405.SZ,20110113,29.1506,29.4451,28.0294,28.0464,-1.118,16846.51
160,002405.SZ,20110114,27.8313,27.8313,26.7497,26.9932,-3.7552,13287.95
161,002405.SZ,20110118,25.5663,26.5798,25.453,26.2797,-2.6433,11088.85
162,002405.SZ,20110119,26.6761,27.1178,26.3873,27.0555,2.9521,8617.42
163,002405.SZ,20110120,27.0555,27.2367,25.47,25.487,-5.7973,13681.81
164,002405.SZ,20110121,25.2152,25.9626,25.1982,25.3794,-0.4222,11245.43
165,002405.SZ,20110124,25.6512,25.9343,23.7826,24.0204,-5.3547,13813.26
166,002405.SZ,20110125,24.0204,24.2356,23.0011,23.222,-3.3238,16589.57
167,002405.SZ,20110126,23.4428,24.2299,23.3239,23.8958,2.9016,9309.75
168,002405.SZ,20110127,23.7826,24.6263,23.3296,24.3488,1.8957,7874.76
169,002405.SZ,20110128,24.3488,25.0793,24.2978,24.5753,0.9302,9804.96
170,002405.SZ,20110131,24.6886,24.9094,24.2695,24.7678,0.7833,6742.38
171,002405.SZ,20110201,24.9151,25.2831,24.6659,24.9037,0.5487,6976.57
172,002405.SZ,20110209,24.5923,25.1133,24.4564,24.6886,-0.8637,7011.07
173,002405.SZ,20110210,24.6886,25.6512,24.6886,25.5379,3.44,11865.51
174,002405.SZ,20110211,25.5946,25.8324,25.3681,25.6116,0.2886,8998.04
175,002405.SZ,20110214,25.8211,26.2514,25.6229,26.0985,1.9011,9010.65
176,002405.SZ,20110215,26.0985,26.6082,25.4813,25.5379,-2.148,14631.87
177,002405.SZ,20110216,25.4813,26.1042,25.3398,26.0023,1.8185,13422.68
178,002405.SZ,20110217,26.0589,26.7554,26.0532,26.7554,2.8963,16475.04
179,002405.SZ,20110218,26.7837,27.1008,26.2231,26.4553,-1.1216,11759.56
180,002405.SZ,20110221,26.1325,27.4915,26.0476,27.3443,3.3604,17799.16
181,002405.SZ,20110222,27.5764,27.7916,26.9536,26.9819,-1.3253,19967.04
182,002405.SZ,20110223,26.8913,27.4972,26.6138,27.4972,1.9098,16467.83
183,002405.SZ,20110224,27.5198,28.5844,27.1744,27.6897,0.7001,20298.71
184,002405.SZ,20110225,28.2673,28.4711,27.4689,27.9672,1.0022,13172.44
185,002405.SZ,20110228,27.752,27.752,26.9989,27.1518,-2.9156,17836.15
186,002405.SZ,20110301,27.4066,27.5198,26.4326,26.7837,-1.3557,14947.99
187,002405.SZ,20110302,26.4892,26.4892,26.0306,26.325,-1.7126,17382.4
188,002405.SZ,20110303,26.3137,26.7271,26.0646,26.0872,-0.9033,11764.81
189,002405.SZ,20110304,26.0872,26.5855,25.889,26.5855,1.9101,9270.61
190,002405.SZ,20110307,26.5855,26.88,26.4439,26.5629,-0.085,12707.88
191,002405.SZ,20110308,26.6535,26.7554,26.3477,26.4496,-0.4265,9411.19
192,002405.SZ,20110309,26.6138,26.8403,26.4723,26.8347,1.456,13175.58
193,002405.SZ,20110310,26.8403,26.863,26.1212,26.2174,-2.3004,17561.87
194,002405.SZ,20110311,26.1552,26.1552,25.3398,25.3681,-3.2395,22948.83
195,002405.SZ,20110314,25.1699,26.1382,25.0283,25.8664,1.9643,11956.43
196,002405.SZ,20110315,25.8664,26.0476,24.5243,25.2945,-2.211,15128.09
197,002405.SZ,20110316,25.3228,25.4587,25.0963,25.402,0.425,9239.24
198,002405.SZ,20110317,25.1982,25.3567,24.6772,24.8471,-2.1845,8359.69
199,002405.SZ,20110318,24.8811,25.2039,24.6319,24.7452,-0.4101,13122.15
200,002405.SZ,20110321,24.6093,25.1812,24.6093,24.7508,0.0226,9318.47
201,002405.SZ,20110322,25.0283,25.1699,24.6659,24.7508,0.0,9468.71
202,002405.SZ,20110323,24.6886,24.8018,24.2356,24.7169,-0.137,12730.57
203,002405.SZ,20110324,24.7508,25.1416,24.4734,25.1076,1.5807,14195.03
204,002405.SZ,20110325,25.0849,25.1529,24.5187,24.7905,-1.263,12230.34
205,002405.SZ,20110328,24.8018,24.8471,23.7826,23.8845,-3.6546,21001.84
206,002405.SZ,20110330,22.7123,23.3296,22.6501,22.8199,-4.4573,18519.29
207,002405.SZ,20110331,22.8256,23.3126,22.8256,22.8652,0.1985,7192.51
208,002405.SZ,20110401,22.8766,23.2673,22.7123,22.9785,0.4955,6594.12
209,002405.SZ,20110406,22.9105,22.9105,21.7441,21.9196,-4.6082,17219.54
210,002405.SZ,20110407,21.9253,22.3669,21.7441,22.1461,1.0333,17463.0
211,002405.SZ,20110408,22.1461,22.6501,21.8913,22.6501,2.2758,10877.03
212,002405.SZ,20110411,22.9275,23.7146,22.7293,22.8199,0.7497,14172.38
213,002405.SZ,20110412,22.8199,23.205,22.6557,22.8199,0.0,7084.23
214,002405.SZ,20110413,22.8256,23.0408,22.6104,22.9728,0.67,10445.77
215,002405.SZ,20110414,23.0521,23.2106,22.752,22.8313,-0.6159,8468.73
216,002405.SZ,20110415,22.8369,22.9672,22.5425,22.9502,0.5208,10208.49
217,002405.SZ,20110418,22.8392,23.7937,22.2801,23.5619,2.7047,18154.86
218,002405.SZ,20110419,23.1801,23.4119,22.8733,23.3232,-1.0131,9952.87
219,002405.SZ,20110420,23.4528,23.7664,23.3232,23.6369,1.345,8967.28
220,002405.SZ,20110421,23.7255,23.78,23.3301,23.5414,-0.404,6984.43
221,002405.SZ,20110422,23.5414,23.5414,22.9824,23.0437,-2.1141,6519.21
222,002405.SZ,20110425,23.0642,23.1801,22.1301,22.1438,-3.9052,10464.57
223,002405.SZ,20110426,22.1779,22.396,21.8165,21.9324,-0.9547,6028.64
224,002405.SZ,20110427,22.0552,22.2529,21.1211,21.2643,-3.0462,9996.79
225,002405.SZ,20110428,21.237,21.4757,20.4394,20.4735,-3.7189,10063.52
226,002405.SZ,20110429,20.4871,20.9302,20.4394,20.8143,1.6646,6373.16
227,002405.SZ,20110503,20.7939,20.9984,20.453,20.8621,0.2296,8324.66
228,002405.SZ,20110504,20.828,20.9711,20.4053,20.4394,-2.0262,9293.48
229,002405.SZ,20110505,20.4394,20.7666,20.2689,20.5689,0.6336,4442.27
230,002405.SZ,20110506,20.4189,22.1574,20.2962,22.0756,7.3251,23064.94
231,002405.SZ,20110509,22.0824,22.287,21.8506,22.0074,-0.3089,10965.38
232,002405.SZ,20110510,22.0892,22.9483,22.0347,22.2938,1.3014,17068.6
233,002405.SZ,20110511,22.2188,22.5665,22.062,22.2529,-0.1835,8403.67
234,002405.SZ,20110512,22.0892,22.4301,21.4757,21.5029,-3.3703,9037.81
235,002405.SZ,20110513,21.4075,21.7006,21.2779,21.6188,0.539,6133.02
236,002405.SZ,20110516,21.612,22.4301,21.5438,22.1915,2.6491,17127.75
237,002405.SZ,20110517,22.1233,22.1233,20.5212,20.8893,-5.868,23122.23
238,002405.SZ,20110518,20.6234,21.1348,20.5553,20.8893,0.0,7643.03
239,002405.SZ,20110519,20.9643,21.6597,20.9643,21.0257,0.653,5753.96
240,002405.SZ,20110520,20.7257,20.9984,20.7257,20.9166,-0.5189,5660.05
241,002405.SZ,20110523,20.9098,21.0325,20.3848,20.5825,-1.5973,9535.75
242,002405.SZ,20110524,20.5689,20.6984,19.5122,20.4257,-0.7618,9538.89
243,002405.SZ,20110525,20.3712,20.3712,19.8462,19.9417,-2.3696,6490.23
244,002405.SZ,20110526,19.9485,20.0985,19.7031,19.7576,-0.9232,5516.85
245,002405.SZ,20110527,19.7644,20.3166,19.5053,20.0099,1.277,9191.33
246,002405.SZ,20110530,19.7712,20.0099,19.3417,19.5667,-2.2149,8935.12
247,002405.SZ,20110531,19.294,19.7576,19.294,19.7576,0.9756,7329.06
248,002405.SZ,20110601,19.7917,20.0985,19.519,20.0576,1.5184,9532.7
249,002405.SZ,20110602,19.7781,20.3166,19.6417,20.1803,0.6117,10491.87
250,002405.SZ,20110603,20.1667,20.5825,20.1462,20.4666,1.4187,7212.37
251,002405.SZ,20110607,20.2485,20.5962,20.2485,20.4598,-0.0332,5632.24
252,002405.SZ,20110608,20.5212,20.7121,20.078,20.6303,0.8333,6574.74
253,002405.SZ,20110609,20.453,20.4871,20.1394,20.1803,-2.1813,4488.72
254,002405.SZ,20110610,19.9417,21.9529,19.7712,20.6507,2.331,12633.28
255,002405.SZ,20110613,20.3985,20.828,19.8394,20.7393,0.429,11802.29
256,002405.SZ,20110614,20.7393,21.2302,20.5894,21.012,1.3149,8085.63
257,002405.SZ,20110615,20.9984,21.162,20.8621,21.0461,0.1623,8116.79
258,002405.SZ,20110616,20.7121,20.9439,20.3303,20.4325,-2.9155,7028.19
259,002405.SZ,20110617,20.3576,20.7257,20.3576,20.453,0.1003,7433.01
260,002405.SZ,20110620,20.453,20.453,20.1258,20.1803,-1.3333,5078.15
261,002405.SZ,20110621,20.303,20.3507,19.9553,20.2689,0.439,6057.84
262,002405.SZ,20110622,20.3166,20.3712,19.7712,19.8599,-2.0179,10053.6
263,002405.SZ,20110623,19.8394,20.5553,19.6076,20.5075,3.2608,11919.49
264,002405.SZ,20110624,20.3303,21.2643,20.2621,20.9916,2.3606,22871.21
265,002405.SZ,20110627,21.0257,21.5847,20.9984,21.4484,2.1761,25145.64
266,002405.SZ,20110628,21.3938,21.4757,21.053,21.4211,-0.1273,18858.98
267,002405.SZ,20110629,21.4211,21.8165,20.8689,21.0189,-1.8776,22638.15
268,002405.SZ,20110630,21.053,21.4279,20.8825,21.237,1.0376,18488.82
269,002405.SZ,20110701,21.5575,22.0211,21.4893,21.5234,1.3486,29981.0
270,002405.SZ,20110705,21.9188,22.2188,21.4961,21.7552,1.077,45208.92
271,002405.SZ,20110706,21.7347,21.7484,21.3257,21.5779,-0.815,22297.58
272,002405.SZ,20110707,21.612,22.3619,21.3461,22.1915,2.8437,52491.95
273,002405.SZ,20110708,22.0892,22.7028,21.9324,22.3892,0.8909,36771.42
274,002405.SZ,20110711,22.3142,22.3142,21.8234,22.1438,-1.0961,23236.56
275,002405.SZ,20110712,21.7824,21.9188,21.5302,21.7075,-1.9703,16227.01
276,002405.SZ,20110713,21.6529,22.287,21.6529,22.0892,1.7584,13974.2
277,002405.SZ,20110714,22.1097,22.5597,21.9529,22.4915,1.8213,23262.29
278,002405.SZ,20110715,22.4983,22.8528,22.3279,22.8528,1.6064,19678.49
279,002405.SZ,20110718,22.7846,23.0778,22.3074,22.3415,-2.2374,29480.34
280,002405.SZ,20110719,22.1915,22.2597,21.7552,21.8506,-2.1973,18651.59
281,002405.SZ,20110720,21.8915,22.1165,21.4757,21.8847,0.1561,13197.6
282,002405.SZ,20110721,21.8779,22.0688,21.5029,21.5166,-1.682,12747.55
283,002405.SZ,20110722,21.5438,22.3415,21.5438,22.3415,3.8338,25582.44
284,002405.SZ,20110725,22.0688,22.2256,20.9234,21.012,-5.9508,32534.36
285,002405.SZ,20110726,21.012,21.162,20.453,20.6575,-1.6871,16526.3
286,002405.SZ,20110727,20.4666,21.2439,20.4394,21.0189,1.7495,17714.93
287,002405.SZ,20110728,20.7053,20.9098,20.528,20.7939,-1.0705,7916.16
288,002405.SZ,20110729,20.7939,20.9302,20.0848,20.1803,-2.9509,17314.73
289,002405.SZ,20110801,20.1462,20.453,20.1462,20.3235,0.7096,11318.03
290,002405.SZ,20110802,20.303,20.303,19.9076,20.2485,-0.369,8385.82
291,002405.SZ,20110803,20.1871,20.9302,19.8599,20.7802,2.6259,13638.0
292,002405.SZ,20110804,20.903,21.0939,20.5894,20.9439,0.7878,12192.06
293,002405.SZ,20110805,20.3166,20.7325,20.1121,20.453,-2.3439,13621.45
294,002405.SZ,20110808,20.4121,20.453,18.6122,18.9327,-7.4331,22503.04
295,002405.SZ,20110809,18.4145,18.9258,17.7259,18.7486,-0.9724,21194.9
296,002405.SZ,20110810,19.0827,19.294,18.6463,18.7486,0.0,32580.28
297,002405.SZ,20110811,18.2713,18.7827,18.0736,18.7759,0.1456,23293.11
298,002405.SZ,20110812,19.1167,19.6622,18.9872,19.5053,3.8848,36733.61
299,002405.SZ,20110815,19.5599,19.6894,19.3008,19.594,0.4547,15726.86
300,002405.SZ,20110816,19.6212,19.7371,19.1099,19.1781,-2.1226,15894.38
301,002405.SZ,20110817,19.1099,19.2667,18.9327,19.0622,-0.6043,7913.92
302,002405.SZ,20110818,19.0622,19.1304,18.6327,18.6395,-2.2175,11309.86
303,002405.SZ,20110819,18.1009,18.5713,18.0123,18.4213,-1.1706,11589.01
304,002405.SZ,20110822,18.4827,18.5645,18.1214,18.2032,-1.184,11644.9
305,002405.SZ,20110823,18.2032,18.5236,18.1759,18.5168,1.7228,10419.76
306,002405.SZ,20110824,18.7145,20.2962,18.6804,19.8053,6.9585,61349.07
307,002405.SZ,20110825,19.6212,20.1462,19.444,20.0917,1.4461,31138.64
308,002405.SZ,20110826,20.753,20.7939,19.6758,20.3371,1.2214,55851.57
309,002405.SZ,20110829,19.9417,20.153,19.8394,20.003,-1.6428,22716.43
310,002405.SZ,20110830,20.1598,20.2348,19.5394,19.5531,-2.2492,17449.15
311,002405.SZ,20110831,19.5803,19.7712,19.1236,19.7712,1.1154,17667.85
312,002405.SZ,20110901,19.7031,20.2689,19.3622,19.5053,-1.3449,11383.35
313,002405.SZ,20110902,19.3622,19.4985,18.8918,19.3963,-0.5588,10167.98
314,002405.SZ,20110905,19.2258,19.2258,18.7486,18.7827,-3.1635,7544.54
315,002405.SZ,20110906,18.5441,19.2122,18.3668,18.4759,-1.6334,12117.78
316,002405.SZ,20110907,18.6463,19.0077,18.4554,18.919,2.3983,9695.96
317,002405.SZ,20110908,19.0077,19.1986,18.66,18.6668,-1.3331,9831.76
318,002405.SZ,20110909,18.7827,19.0554,18.2577,18.2713,-2.1187,8529.91
319,002405.SZ,20110913,18.0191,18.0191,17.3919,17.535,-4.0298,24278.89
320,002405.SZ,20110914,17.5214,17.7123,17.3714,17.7123,1.0111,10019.25
321,002405.SZ,20110915,17.7259,18.135,17.7259,18.135,2.3865,12502.34
322,002405.SZ,20110916,18.4418,18.4418,18.0055,18.0191,-0.6391,7655.08
323,002405.SZ,20110919,17.9441,17.9441,17.5282,17.8623,-0.8702,5444.45
324,002405.SZ,20110920,17.5214,18.0941,17.351,17.8282,-0.1909,6732.65
325,002405.SZ,20110921,17.7328,18.4486,17.5828,18.3463,2.9061,10694.76
326,002405.SZ,20110922,18.2441,18.2441,17.6441,17.8691,-2.6011,8773.98
327,002405.SZ,20110923,17.3851,17.6782,17.2282,17.351,-2.8994,10924.19
328,002405.SZ,20110926,17.2555,17.4805,16.8874,16.9078,-2.5543,8838.04
329,002405.SZ,20110927,17.0442,17.2078,16.4306,16.7783,-0.7659,11090.06
330,002405.SZ,20110928,16.9078,16.9419,16.226,16.301,-2.8447,9347.74
331,002405.SZ,20110929,16.2942,16.3624,15.6193,16.1101,-1.1711,13082.95
332,002405.SZ,20110930,15.9329,16.2465,15.7011,15.9124,-1.2272,6555.3
333,002405.SZ,20111010,15.9602,16.226,15.9261,16.0897,1.1142,9139.3
334,002405.SZ,20111012,16.0761,16.6283,15.7965,16.5942,3.1355,18626.2
335,002405.SZ,20111013,16.601,16.9487,16.4442,16.8055,1.2733,22224.11
336,002405.SZ,20111014,16.7033,16.7987,16.226,16.4647,-2.0279,12310.4
337,002405.SZ,20111017,16.3692,17.0169,16.3692,16.9078,2.6912,20577.92
338,002405.SZ,20111018,16.9351,16.9351,16.4306,16.5056,-2.3788,11623.43
339,002405.SZ,20111019,16.601,16.8737,16.4374,16.826,1.9412,10219.32
340,002405.SZ,20111020,16.7919,16.826,15.6806,16.0215,-4.7813,11551.79
341,002405.SZ,20111021,15.8852,16.0761,15.5443,15.5443,-2.9785,7230.47
342,002405.SZ,20111024,15.4488,15.9397,15.2579,15.5852,0.2631,9321.76
343,002405.SZ,20111025,15.892,17.1464,15.8306,16.8328,8.005,51079.14
344,002405.SZ,20111026,16.5737,17.6578,16.4374,17.4191,3.4831,61156.61
345,002405.SZ,20111027,17.3851,17.5487,17.0646,17.4191,0.0,24507.87
346,002405.SZ,20111028,17.5282,17.6646,16.8055,16.9078,-2.9353,111763.59
347,002405.SZ,20111031,16.901,17.9714,16.7169,17.4191,3.024,76066.04
348,002405.SZ,20111101,17.2351,17.2692,16.8737,16.9624,-2.6218,120032.63
349,002405.SZ,20111102,16.5737,18.1214,16.4647,18.1214,6.8328,122970.7
350,002405.SZ,20111103,18.3395,19.0827,18.1964,18.2373,0.6396,129321.08
351,002405.SZ,20111104,18.3327,18.5441,18.0464,18.21,-0.1497,54271.07
352,002405.SZ,20111107,18.21,18.4418,17.7941,18.4145,1.123,48153.95
353,002405.SZ,20111108,18.3736,18.3804,17.9032,17.9577,-2.4807,35092.1
354,002405.SZ,20111109,18.0327,18.3259,17.7532,18.3259,2.0504,59904.69
355,002405.SZ,20111110,18.0532,18.6327,17.8623,18.1077,-1.1907,116167.23
356,002405.SZ,20111111,18.06,18.06,17.46,17.4805,-3.4637,89170.94
357,002405.SZ,20111114,17.9782,18.2918,17.7805,18.2168,4.2121,79551.54
358,002405.SZ,20111115,18.1895,18.8781,18.1623,18.7077,2.6948,79525.4
359,002405.SZ,20111116,18.7895,19.2667,18.4827,18.5645,-0.7655,115896.12
360,002405.SZ,20111117,18.6463,18.9872,18.2782,18.7895,1.212,54797.26
361,002405.SZ,20111118,18.6463,18.7827,17.8623,17.8827,-4.8261,48856.9
362,002405.SZ,20111121,17.9032,18.1691,17.3305,17.7123,-0.9529,35815.62
363,002405.SZ,20111122,17.4396,17.7805,17.351,17.7191,0.0384,22880.7
364,002405.SZ,20111123,17.6987,18.06,17.6987,17.7941,0.4233,18751.25
365,002405.SZ,20111124,17.535,17.6987,17.1942,17.351,-2.4902,22174.16
366,002405.SZ,20111125,17.535,17.9305,17.3169,17.3714,0.1176,27899.17
367,002405.SZ,20111128,17.1123,17.126,16.301,16.3556,-5.8475,74537.12
368,002405.SZ,20111129,16.5328,16.5669,16.1511,16.3351,-0.1253,60510.95
369,002405.SZ,20111130,16.3283,16.3351,15.6125,16.2192,-0.7095,52383.15
370,002405.SZ,20111201,16.3624,16.6215,15.8374,15.8374,-2.354,87918.59
371,002405.SZ,20111202,16.1851,16.1851,14.7262,14.992,-5.338,64097.51
372,002405.SZ,20111205,15.033,15.0534,13.9762,14.1126,-5.8658,47253.77
373,002405.SZ,20111206,13.9762,14.3512,13.8467,14.283,1.2074,28302.28
374,002405.SZ,20111207,14.2148,14.3989,14.0308,14.1262,-1.0978,17802.47
375,002405.SZ,20111208,14.1807,14.433,13.7035,14.1467,0.1451,36012.11
376,002405.SZ,20111209,13.908,14.1398,13.874,14.0785,-0.4821,18907.47
377,002405.SZ,20111212,14.0717,14.1467,13.7103,13.8876,-1.356,20084.77
378,002405.SZ,20111213,13.8467,13.8467,12.9536,12.9536,-6.7254,42727.01
379,002405.SZ,20111214,12.974,13.1308,12.8513,12.9604,0.0525,37412.1
380,002405.SZ,20111215,12.7968,13.1308,12.6877,12.8581,-0.7893,35945.69
381,002405.SZ,20111216,12.9536,13.3422,12.8718,13.3285,3.6584,39213.15
382,002405.SZ,20111219,13.2604,13.9762,13.0286,13.8671,4.041,47013.14
383,002405.SZ,20111220,13.8399,14.2217,13.5876,13.6285,-1.7206,33612.82
384,002405.SZ,20111221,13.7649,13.7649,12.749,12.8581,-5.6529,44232.6
385,002405.SZ,20111222,12.6536,12.9808,12.0877,12.8854,0.2123,49595.95
386,002405.SZ,20111223,12.6877,13.1922,12.6877,13.0967,1.6398,31067.08
387,002405.SZ,20111226,13.1922,13.349,12.8718,12.9058,-1.4576,20520.46
388,002405.SZ,20111227,12.8581,13.2945,12.7013,12.8854,-0.1581,26969.82
389,002405.SZ,20111228,12.5922,13.2876,12.5922,13.0558,1.3224,30910.89
390,002405.SZ,20111229,12.8377,13.3763,12.824,13.2604,1.5671,31634.13
391,002405.SZ,20111230,13.2604,13.9626,13.2604,13.6899,3.239,42884.82
392,002405.SZ,20120104,13.7444,13.908,13.3422,13.4308,-1.8926,25645.57
393,002405.SZ,20120105,13.3558,13.5535,12.2718,12.4559,-7.2587,28703.39
394,002405.SZ,20120106,12.3263,12.7354,12.1423,12.6672,1.6964,16541.59
395,002405.SZ,20120109,12.6877,13.1513,12.4627,13.1308,3.6598,21661.07
396,002405.SZ,20120110,13.124,13.7103,13.124,13.6694,4.1018,30569.63
397,002405.SZ,20120111,13.6353,14.2353,13.5331,13.7717,0.7484,36699.07
398,002405.SZ,20120112,13.5194,14.0444,13.5126,13.9421,1.2373,41776.92
399,002405.SZ,20120113,13.874,13.9762,13.2263,13.2399,-5.0365,26961.16
400,002405.SZ,20120116,13.1922,13.1922,12.2786,12.3195,-6.9517,22715.92
401,002405.SZ,20120117,12.3059,13.049,12.1218,13.0217,5.6999,33721.19
402,002405.SZ,20120118,13.1172,13.1649,12.4968,12.5445,-3.6647,27471.81
403,002405.SZ,20120119,12.4082,12.7286,12.2786,12.5445,0.0,26046.52
404,002405.SZ,20120120,12.6536,12.8377,12.4627,12.8172,2.1739,22512.63
405,002405.SZ,20120130,13.1172,13.4104,12.9536,13.0899,2.1276,34745.26
406,002405.SZ,20120131,12.9536,13.124,12.6809,12.8649,-1.7189,26688.06
407,002405.SZ,20120201,12.8581,13.1308,12.749,12.8172,-0.3708,27442.67
408,002405.SZ,20120202,12.8854,13.0149,12.7286,12.9945,1.3833,19910.15
409,002405.SZ,20120203,12.9945,13.5194,12.9672,13.4172,3.2529,44592.09
410,002405.SZ,20120206,13.4172,13.7444,13.349,13.5126,0.711,41665.59
411,002405.SZ,20120207,13.3626,13.4853,12.9877,13.0967,-3.0779,35141.48
412,002405.SZ,20120208,13.0899,13.7035,13.0899,13.7035,4.6332,43945.09
413,002405.SZ,20120209,13.6422,13.874,13.5535,13.7308,0.1992,45348.76
414,002405.SZ,20120210,13.7376,14.1603,13.5126,14.058,2.383,65452.14
415,002405.SZ,20120213,13.8603,14.5421,13.8262,14.2966,1.6973,82846.27
416,002405.SZ,20120214,14.2762,14.5216,14.1262,14.3376,0.2868,48726.69
417,002405.SZ,20120215,14.3035,14.6239,14.2148,14.3921,0.3801,54864.44
418,002405.SZ,20120216,14.3785,14.6034,13.9694,14.1467,-1.7051,51004.86
419,002405.SZ,20120217,14.3103,14.4807,13.9626,14.3103,1.1565,40383.11
420,002405.SZ,20120220,14.5216,14.8216,14.3853,14.4875,1.2383,65311.65
421,002405.SZ,20120221,14.3785,15.6125,14.1671,15.5579,7.3884,111373.46
422,002405.SZ,20120222,15.442,16.2465,15.3057,15.8034,1.578,138811.73
423,002405.SZ,20120223,15.7352,16.1374,15.442,15.6806,-0.777,74617.26
424,002405.SZ,20120224,15.5988,16.7033,15.4557,16.6351,6.0871,107860.88
425,002405.SZ,20120227,16.6351,16.9351,16.4442,16.4988,-0.8194,95335.73
426,002405.SZ,20120228,16.4033,16.4033,16.042,16.2192,-1.6947,58431.39
427,002405.SZ,20120229,16.226,16.2874,15.4079,15.4625,-4.6655,75234.64
428,002405.SZ,20120301,15.3534,15.9056,15.3261,15.5375,0.485,63165.2
429,002405.SZ,20120302,15.6465,15.8647,15.6056,15.7624,1.4475,41089.27
430,002405.SZ,20120305,15.8511,16.1374,15.8306,15.8783,0.7353,45766.25
431,002405.SZ,20120306,15.8852,16.0011,15.3057,15.4079,-2.9625,59301.14
432,002405.SZ,20120307,15.3398,15.8511,15.1898,15.5102,0.6639,38184.16
433,002405.SZ,20120308,15.5238,15.5852,15.1011,15.2511,-1.6705,121740.14
434,002405.SZ,20120309,15.2375,15.5784,14.9989,15.5647,2.0562,120433.82
435,002405.SZ,20120312,15.5102,15.8306,15.4557,15.7829,1.4019,83962.53
436,002405.SZ,20120313,15.7761,15.7761,15.5784,15.6738,-0.6913,61339.02
437,002405.SZ,20120314,15.7693,16.4238,15.1489,15.4216,-1.6091,149647.38
438,002405.SZ,20120315,15.2034,15.4966,15.0057,15.1011,-2.0783,62715.65
439,002405.SZ,20120316,15.1352,15.3602,15.0193,15.2988,1.3092,73319.0
440,002405.SZ,20120319,15.2988,15.5988,15.2307,15.4488,0.9805,55541.57
441,002405.SZ,20120320,15.3738,15.3807,14.3853,14.3989,-6.796,105165.93
442,002405.SZ,20120321,14.4944,14.5625,13.8194,13.908,-3.4093,81467.52
443,002405.SZ,20120322,13.983,14.0103,13.4376,13.5944,-2.2548,82311.59
444,002405.SZ,20120323,13.5672,13.724,13.3558,13.4172,-1.3035,53451.48
445,002405.SZ,20120326,13.4649,13.5467,12.974,13.0899,-2.4394,63727.88
446,002405.SZ,20120327,13.1922,13.3626,12.824,13.0149,-0.573,58465.88
447,002405.SZ,20120328,12.9467,13.1445,12.8649,12.9399,-0.5763,62695.93
448,002405.SZ,20120330,12.6127,12.8718,12.5104,12.6809,-2.0016,57910.66
449,002405.SZ,20120405,12.6809,13.049,12.599,12.9877,2.4194,49419.21
450,002405.SZ,20120406,12.9945,13.049,12.8036,12.8786,-0.84,39859.14
451,002405.SZ,20120409,12.8445,12.8445,12.5172,12.5172,-2.8062,38385.69
452,002405.SZ,20120410,12.34,12.5036,12.0809,12.49,-0.2173,52605.59
453,002405.SZ,20120411,12.34,12.49,12.1627,12.2513,-1.9111,59223.42
454,002405.SZ,20120412,12.3672,13.049,12.2309,12.9195,5.4541,115629.69
455,002405.SZ,20120413,12.8513,13.1376,12.7354,12.974,0.4218,85408.96
456,002405.SZ,20120416,12.9127,13.0286,12.7627,12.9331,-0.3152,53860.94
457,002405.SZ,20120417,12.9604,13.2535,12.7899,12.8922,-0.3162,75731.07
458,002405.SZ,20120418,12.9949,12.9949,12.3922,12.7802,-0.8964,136229.56
459,002405.SZ,20120419,12.7142,12.7719,12.5325,12.6233,-1.2277,67876.8
460,002405.SZ,20120420,12.5408,13.1765,12.4252,13.1682,4.3166,121682.68
461,002405.SZ,20120423,13.0444,13.1435,12.6316,12.6976,-3.5738,73802.94
462,002405.SZ,20120424,12.483,12.6976,11.7069,12.2601,-3.4455,115625.71
463,002405.SZ,20120425,12.1362,12.1445,11.7895,12.0702,-1.5489,68636.25
464,002405.SZ,20120426,12.0784,12.7802,11.8886,12.4087,2.8044,90201.56
465,002405.SZ,20120427,12.4169,12.4747,12.1032,12.1197,-2.329,45969.51
466,002405.SZ,20120502,12.4665,12.5408,12.1528,12.2023,0.6815,47779.18
467,002405.SZ,20120503,12.1528,12.516,12.0702,12.3757,1.421,47837.66
468,002405.SZ,20120504,12.4004,12.7472,12.3261,12.6646,2.3344,88926.58
469,002405.SZ,20120507,12.5903,12.904,12.549,12.871,1.6297,85425.79
470,002405.SZ,20120508,12.9536,12.9618,12.6316,12.7389,-1.0263,98993.15
471,002405.SZ,20120509,12.6481,12.6481,12.095,12.1115,-4.9251,111172.76
472,002405.SZ,20120510,12.1197,12.2683,12.0702,12.128,0.1362,67598.89
473,002405.SZ,20120511,12.1445,12.2105,11.8803,11.8968,-1.9063,60521.34
474,002405.SZ,20120514,12.0124,12.0454,11.8143,11.8555,-0.3472,44825.88
475,002405.SZ,20120515,11.773,11.9051,11.6574,11.872,0.1392,40882.05
476,002405.SZ,20120516,11.872,12.1445,11.8143,11.9959,1.0436,59390.29
477,002405.SZ,20120517,11.9629,12.2188,11.8968,12.0867,0.7569,56236.41
478,002405.SZ,20120518,11.9876,12.0784,11.7234,11.8803,-1.7077,54411.99
479,002405.SZ,20120521,11.8308,11.8968,11.6904,11.7812,-0.8342,28046.15
480,002405.SZ,20120522,11.839,11.9546,11.8143,11.9051,1.0517,33911.24
481,002405.SZ,20120523,11.9051,11.9216,11.6822,11.7647,-1.1793,31941.82
482,002405.SZ,20120524,11.7234,11.872,11.7069,11.8308,0.5619,35312.24
483,002405.SZ,20120525,11.806,11.8473,11.484,11.5501,-2.3726,38564.91
484,002405.SZ,20120528,11.4262,11.6822,10.9887,11.6161,0.5714,74509.75
485,002405.SZ,20120529,11.6409,11.8473,11.6079,11.7895,1.4928,50266.46
486,002405.SZ,20120530,11.773,11.9876,11.6904,11.8638,0.6302,45702.03
487,002405.SZ,20120531,11.8225,12.2683,11.7812,12.1197,2.157,98248.99
488,002405.SZ,20120601,12.1032,12.2105,11.8638,11.9711,-1.2261,53404.24
489,002405.SZ,20120604,11.6739,11.773,11.3767,11.3932,-4.8275,52050.82
490,002405.SZ,20120605,11.3272,11.5088,11.2776,11.3354,-0.5073,33365.65
491,002405.SZ,20120606,11.6822,12.4582,11.6822,11.773,3.8605,126881.31
492,002405.SZ,20120607,11.8968,11.9711,11.3932,11.5005,-2.3146,109821.22
493,002405.SZ,20120608,11.5996,11.5996,11.1868,11.2529,-2.1529,71856.16
494,002405.SZ,20120611,11.3024,11.6491,11.3024,11.5418,2.5673,70282.06
495,002405.SZ,20120612,11.4593,11.5088,11.2941,11.2941,-2.1461,57141.3
496,002405.SZ,20120613,11.2281,11.6244,11.0795,11.6244,2.9245,102018.47
497,002405.SZ,20120614,11.6244,11.7234,11.451,11.4758,-1.2783,87556.13
498,002405.SZ,20120615,11.3932,11.6079,11.3602,11.5253,0.4313,68286.25
499,002405.SZ,20120618,11.5748,11.8803,11.5005,11.8803,3.0802,117809.15
500,002405.SZ,20120619,11.8803,11.8803,11.5831,11.6326,-2.085,105956.85
501,002405.SZ,20120620,11.806,12.6316,11.806,12.2188,5.0393,284240.6
502,002405.SZ,20120621,12.095,12.3839,11.9216,12.2023,-0.135,188012.23
503,002405.SZ,20120625,11.9876,12.0372,11.1042,11.1868,-8.3222,206420.08
504,002405.SZ,20120626,10.8566,10.8648,10.4107,10.5676,-5.5351,169572.23
505,002405.SZ,20120627,10.5263,10.6089,10.0475,10.1053,-4.3747,216196.62
506,002405.SZ,20120628,9.9567,10.0723,9.5439,9.5769,-5.2289,162132.38
507,002405.SZ,20120629,9.5191,9.8824,9.4448,9.8576,2.931,137989.44
508,002405.SZ,20120702,9.7007,10.1383,9.6595,10.031,1.759,195676.69
509,002405.SZ,20120703,10.0062,10.3612,9.9732,10.2456,2.1394,174597.14
510,002405.SZ,20120704,10.2374,10.4603,10.1631,10.4438,1.9345,165114.2
511,002405.SZ,20120705,10.3364,10.3364,9.6842,9.8081,-6.0869,130600.35
512,002405.SZ,20120706,9.8906,10.1631,9.4613,10.1135,3.1138,134136.14
513,002405.SZ,20120709,9.9154,10.8153,9.8659,10.3199,2.0408,187305.0
514,002405.SZ,20120710,10.2126,10.6171,10.0888,10.1135,-2.0,108888.73
515,002405.SZ,20120711,10.13,10.5181,9.9732,10.4355,3.1839,95162.96
516,002405.SZ,20120712,10.3199,10.6089,10.2126,10.4685,0.3162,98662.56
517,002405.SZ,20120713,10.4107,10.4933,9.9814,10.1135,-3.3911,92288.7
518,002405.SZ,20120716,10.13,10.1383,9.6099,9.6429,-4.6532,77628.9
519,002405.SZ,20120717,9.5852,9.9154,9.5769,9.8576,2.2265,55198.46
520,002405.SZ,20120718,9.7833,9.9402,9.6595,9.9402,0.8379,49327.51
521,002405.SZ,20120719,9.8989,10.2291,9.8246,10.0145,0.7475,74116.2
522,002405.SZ,20120720,10.0888,10.3612,9.9071,10.2787,2.6382,90214.44
523,002405.SZ,20120723,10.4438,10.6914,10.3034,10.3612,0.8026,126144.16
524,002405.SZ,20120724,10.1548,10.6914,10.1135,10.6171,2.4698,117585.74
525,002405.SZ,20120725,10.5098,10.9391,10.4685,10.6337,0.1564,129263.53
526,002405.SZ,20120726,10.6502,10.7905,10.3364,10.3695,-2.4846,71651.11
527,002405.SZ,20120727,10.3199,10.6171,10.2952,10.5016,1.2739,73651.88
528,002405.SZ,20120730,10.4851,10.5511,10.0888,10.1053,-3.7737,52204.29
529,002405.SZ,20120731,10.1548,10.1713,9.5274,9.6512,-4.4937,99634.31
530,002405.SZ,20120801,9.5934,9.9567,9.5852,9.8246,1.7967,49172.1
531,002405.SZ,20120802,9.8659,9.9402,9.709,9.8163,-0.0845,29976.53
532,002405.SZ,20120803,9.8824,10.1383,9.8081,10.1135,3.0276,45147.52
533,002405.SZ,20120806,10.064,10.5346,9.9897,10.4851,3.6743,88880.38
534,002405.SZ,20120807,10.4603,10.7162,10.3612,10.6171,1.2589,99620.44
535,002405.SZ,20120808,10.6089,10.9556,10.6089,10.7327,1.0888,125044.18
536,002405.SZ,20120809,10.6667,10.9391,10.5841,10.8401,1.0007,97438.22
537,002405.SZ,20120810,10.7492,11.2859,10.741,10.9722,1.2186,139313.19
538,002405.SZ,20120813,10.8978,10.8978,10.5263,10.5346,-3.9883,81573.31
539,002405.SZ,20120814,10.5676,11.2941,10.4438,11.2776,7.0529,156557.24
540,002405.SZ,20120815,11.2281,11.2281,10.8813,10.9309,-3.0742,103270.52
541,002405.SZ,20120816,10.9144,11.2859,10.8731,11.0052,0.6797,97795.72
542,002405.SZ,20120817,10.9309,11.0712,10.7658,10.9226,-0.7506,50795.95
543,002405.SZ,20120820,10.8318,11.063,10.6914,11.063,1.2854,49333.63
544,002405.SZ,20120821,11.063,11.7069,10.9474,11.5831,4.7013,152026.73
545,002405.SZ,20120822,11.484,11.6904,11.2941,11.4593,-1.0688,72966.51
546,002405.SZ,20120823,11.5005,12.0207,11.4427,11.8308,3.2419,133129.45
547,002405.SZ,20120824,11.7895,12.3179,11.74,11.7977,-0.2798,144362.47
548,002405.SZ,20120827,11.6987,11.9959,11.3684,11.8143,0.1407,101349.91
549,002405.SZ,20120828,11.6161,11.9381,11.4593,11.7234,-0.7694,59963.9
550,002405.SZ,20120829,11.7069,12.1775,11.5831,11.8473,1.0569,74586.91
551,002405.SZ,20120830,11.8308,12.0289,11.2446,11.8308,-0.1393,87279.79
552,002405.SZ,20120831,11.7234,11.7565,11.451,11.4758,-3.0006,50266.96
553,002405.SZ,20120903,11.3932,11.9298,11.3272,11.8886,3.5971,61027.19
554,002405.SZ,20120904,11.8803,12.2766,11.7977,12.0124,1.0413,101617.15
555,002405.SZ,20120905,11.9959,12.4335,11.8886,12.161,1.2371,84362.99
556,002405.SZ,20120906,11.9959,12.3426,11.9133,12.0702,-0.7466,58030.95
557,002405.SZ,20120907,12.2601,12.549,12.0867,12.4335,3.0099,120901.07
558,002405.SZ,20120910,12.4169,12.7142,12.3014,12.5986,1.3279,103045.88
559,002405.SZ,20120911,12.549,12.7802,12.3261,12.4912,-0.8525,87536.36
560,002405.SZ,20120912,12.549,12.7389,12.2271,12.4169,-0.5948,73146.71
561,002405.SZ,20120913,12.4004,12.6151,12.1775,12.3014,-0.9302,88087.88
562,002405.SZ,20120914,12.3839,12.4417,11.9959,12.0372,-2.1477,85065.93
563,002405.SZ,20120917,12.0124,12.194,11.6409,11.6491,-3.2242,80403.21
564,002405.SZ,20120918,11.6079,11.8555,11.5336,11.8555,1.7718,44374.68
565,002405.SZ,20120919,11.9794,12.3426,11.8886,11.9298,0.6267,103410.99
566,002405.SZ,20120920,11.9216,11.9216,11.129,11.1868,-6.2281,92851.54
567,002405.SZ,20120921,11.1455,11.2941,10.9391,11.2116,0.2217,55389.19
568,002405.SZ,20120924,11.0877,11.5831,11.0052,11.451,2.1353,45005.71
569,002405.SZ,20120925,11.4593,11.4593,10.9722,11.0217,-3.749,54353.95
570,002405.SZ,20120926,10.9391,11.063,10.1548,10.2374,-7.116,94613.11
571,002405.SZ,20120927,10.2539,10.6337,10.0888,10.3695,1.2904,60908.04
572,002405.SZ,20120928,10.2869,10.6089,10.2209,10.5759,1.9905,47685.27
573,002405.SZ,20121008,10.6006,10.7575,10.353,10.4107,-1.562,48837.28
574,002405.SZ,20121009,10.4025,11.0299,10.353,10.9309,4.9968,90390.12
575,002405.SZ,20121010,10.9226,11.1042,10.7823,11.1042,1.5854,48527.64
576,002405.SZ,20121011,11.1125,11.129,10.8566,10.9144,-1.7093,40440.68
577,002405.SZ,20121012,11.0052,11.063,10.5924,10.7245,-1.7399,36066.57
578,002405.SZ,20121015,10.7245,10.7245,9.9897,10.5841,-1.3092,89450.26
579,002405.SZ,20121016,10.4273,10.5841,10.2539,10.3117,-2.5737,55213.08
580,002405.SZ,20121017,10.3199,10.452,10.1548,10.4107,0.9601,46270.11
581,002405.SZ,20121018,10.3942,10.6584,10.3612,10.6502,2.3005,51627.83
582,002405.SZ,20121019,10.6502,10.6914,10.5346,10.6502,0.0,38045.93
583,002405.SZ,20121022,10.5759,10.8813,10.386,10.8153,1.5502,47097.59
584,002405.SZ,20121023,10.7327,10.9144,10.6171,10.6171,-1.8326,38674.62
585,002405.SZ,20121024,10.5263,10.6089,10.3034,10.353,-2.4875,43455.2
586,002405.SZ,20121025,10.3364,10.5346,10.3199,10.3695,0.1594,33415.73
587,002405.SZ,20121026,10.2209,10.2209,9.3292,9.3292,-10.0323,159897.94
588,002405.SZ,20121029,9.1063,9.1228,8.7678,8.8999,-4.6017,99407.48
589,002405.SZ,20121030,8.8917,8.9907,8.8421,8.8834,-0.1854,44651.14
590,002405.SZ,20121031,8.8834,8.9742,8.7183,8.9329,0.5572,42692.81
591,002405.SZ,20121101,8.9164,9.1063,8.8917,9.032,1.1094,56710.33
592,002405.SZ,20121102,9.0403,9.1228,8.9247,9.0072,-0.2746,32603.02
593,002405.SZ,20121105,9.0485,9.2879,8.9825,9.1889,2.0173,60829.32
594,002405.SZ,20121106,9.2054,9.2219,8.8917,9.0485,-1.5279,44058.87
595,002405.SZ,20121107,9.0568,9.0568,8.9329,8.9742,-0.8211,22333.56
596,002405.SZ,20121108,8.8999,8.8999,8.5366,8.5366,-4.8762,48170.35
597,002405.SZ,20121109,8.5284,8.5614,8.3137,8.388,-1.7407,44568.44
598,002405.SZ,20121112,8.3798,8.4954,8.3633,8.4706,0.9847,30602.52
599,002405.SZ,20121113,8.4789,8.6357,8.322,8.4623,-0.098,52689.28
600,002405.SZ,20121114,8.4623,8.6605,8.4623,8.6027,1.6591,37546.65
601,002405.SZ,20121115,8.5614,8.644,8.4376,8.4871,-1.3438,29740.68
602,002405.SZ,20121116,8.4871,8.4954,8.2972,8.4871,0.0,31344.54
603,002405.SZ,20121119,8.5119,8.5284,8.355,8.4623,-0.2922,27376.22
604,002405.SZ,20121120,8.4954,8.5449,8.3385,8.3468,-1.3649,40334.12
605,002405.SZ,20121121,8.3385,8.4211,8.0661,8.3633,0.1977,51204.84
606,002405.SZ,20121122,8.3055,8.4046,8.1321,8.3633,0.0,41943.46
607,002405.SZ,20121123,8.3137,8.3798,8.2147,8.3302,-0.3958,32863.17
608,002405.SZ,20121126,8.3302,8.5284,8.2972,8.3633,0.3973,47742.29
609,002405.SZ,20121127,8.2559,8.3798,8.0413,8.0578,-3.6529,50547.75
610,002405.SZ,20121128,8.0083,8.0083,7.5459,7.5955,-5.7373,46459.66
611,002405.SZ,20121129,7.6037,7.6945,7.4551,7.4716,-1.6312,27045.75
612,002405.SZ,20121130,7.4881,7.5872,7.4304,7.5459,0.9944,28146.02
613,002405.SZ,20121203,7.5624,7.5872,7.1084,7.1744,-4.9232,37134.27
614,002405.SZ,20121204,7.1414,7.4551,7.1001,7.3891,2.9926,37615.39
615,002405.SZ,20121205,7.3891,7.7358,7.3313,7.6533,3.5755,57805.67
616,002405.SZ,20121206,7.678,7.9918,7.6285,7.7193,0.8624,53827.79
617,002405.SZ,20121207,7.7193,7.934,7.612,7.9092,2.4601,64128.89
618,002405.SZ,20121210,7.9422,8.0908,7.8431,8.0661,1.9838,68437.22
619,002405.SZ,20121211,8.0083,8.2477,7.8844,8.1486,1.0228,78295.35
620,002405.SZ,20121212,8.0908,8.2725,8.0165,8.1404,-0.1006,57656.21
621,002405.SZ,20121213,8.0826,8.1569,7.8431,7.8514,-3.5502,43076.31
622,002405.SZ,20121214,7.8266,8.1982,7.8019,8.1486,3.7853,128440.2
623,002405.SZ,20121217,8.1239,8.5532,8.1239,8.3633,2.6348,162014.69
624,002405.SZ,20121218,8.3385,8.4789,8.1982,8.2477,-1.3822,165937.74
625,002405.SZ,20121219,8.2147,8.3385,8.0991,8.2559,0.0994,85303.61
626,002405.SZ,20121220,8.2229,8.4871,8.1404,8.4789,2.7011,178705.98
627,002405.SZ,20121221,8.5036,8.5449,8.2642,8.3633,-1.3634,107033.24
628,002405.SZ,20121224,8.2725,8.4789,8.2312,8.4376,0.8884,102771.64
629,002405.SZ,20121225,8.388,8.7183,8.2477,8.6522,2.5434,187315.08
630,002405.SZ,20121226,8.6275,8.966,8.5862,8.9164,3.0536,180310.69
631,002405.SZ,20121227,9.065,9.1476,8.7513,8.7843,-1.4815,190796.15
632,002405.SZ,20121228,8.8339,9.6595,8.7843,9.6595,9.9632,251443.52
633,002405.SZ,20121231,9.9071,10.2621,9.6595,9.6842,0.2557,326119.38
634,002405.SZ,20130104,9.7338,9.8328,9.1971,9.2879,-4.0922,212708.36
635,002405.SZ,20130107,9.2879,9.8493,9.0898,9.5769,3.1116,190520.71
636,002405.SZ,20130108,9.4943,10.3942,9.4778,10.0227,4.655,253138.77
637,002405.SZ,20130109,10.1466,10.4355,9.6925,9.775,-2.4714,258699.32
638,002405.SZ,20130110,9.775,10.3199,9.5686,10.1796,4.1391,255257.23
639,002405.SZ,20130111,10.1878,10.7245,10.0723,10.5098,3.2437,410236.66
640,002405.SZ,20130114,10.2456,11.5418,10.2374,11.517,9.5834,370185.32
641,002405.SZ,20130115,11.5666,12.3344,11.1538,11.2198,-2.5805,435895.53
642,002405.SZ,20130116,11.2281,11.4675,10.9391,11.4262,1.8396,280888.6
643,002405.SZ,20130117,11.3767,11.3767,10.4685,10.4933,-8.1646,258181.16
644,002405.SZ,20130118,10.4355,10.7905,10.4355,10.5676,0.7081,157710.7
645,002405.SZ,20130121,10.5841,10.6089,10.2787,10.3777,-1.797,163846.58
646,002405.SZ,20130122,10.4107,10.6832,10.1135,10.2291,-1.4319,140687.76
647,002405.SZ,20130123,10.1466,10.5511,10.0723,10.5346,2.9866,139248.37
648,002405.SZ,20130124,10.5428,10.9144,10.2952,10.3777,-1.4894,217491.42
649,002405.SZ,20130125,10.3034,10.5181,10.2291,10.2787,-0.954,95572.5
650,002405.SZ,20130128,10.3942,10.5511,10.3117,10.5346,2.4896,145943.18
651,002405.SZ,20130129,10.5346,10.6089,10.3777,10.4603,-0.7053,141511.86
652,002405.SZ,20130130,10.4355,10.9391,10.3612,10.7245,2.5257,225753.23
653,002405.SZ,20130131,10.6914,10.7245,10.2291,10.2539,-4.3881,200923.65
654,002405.SZ,20130201,10.2621,10.353,10.1631,10.2787,0.2419,110360.78
655,002405.SZ,20130204,10.2787,10.452,9.7585,9.7833,-4.8197,169011.04
656,002405.SZ,20130205,9.709,9.9402,9.6017,9.8576,0.7595,82436.87
657,002405.SZ,20130206,9.8246,10.0805,9.8246,9.998,1.4243,73933.6
658,002405.SZ,20130207,9.998,10.1878,9.8906,10.1548,1.5683,77198.61
659,002405.SZ,20130208,10.0888,10.3117,10.0888,10.1961,0.4067,84632.31
660,002405.SZ,20130218,10.3364,10.452,10.1135,10.2952,0.9719,104011.55
661,002405.SZ,20130219,10.2952,10.3117,9.9319,9.9897,-2.9674,86499.45
662,002405.SZ,20130220,9.9732,10.1383,9.9484,10.0888,0.992,82981.88
663,002405.SZ,20130221,10.0392,10.0392,9.676,9.742,-3.4375,91095.0
664,002405.SZ,20130222,9.7338,10.0227,9.676,9.8741,1.356,75900.35
665,002405.SZ,20130225,9.9071,9.998,9.8081,9.8824,0.0841,45646.82
666,002405.SZ,20130226,9.8081,10.0475,9.7668,9.8576,-0.251,75741.44
667,002405.SZ,20130227,9.8824,10.1466,9.8081,10.1466,2.9317,117431.19
668,002405.SZ,20130228,10.2456,10.3117,10.0557,10.2621,1.1383,127609.28
669,002405.SZ,20130301,10.2704,10.5924,10.1878,10.5594,2.8971,183619.18
670,002405.SZ,20130304,10.5263,10.8401,10.353,10.4933,-0.626,234633.02
671,002405.SZ,20130305,10.4933,10.9391,10.4273,10.9061,3.9339,279643.25
672,002405.SZ,20130306,11.063,11.9298,10.8235,11.5088,5.5263,418403.55
673,002405.SZ,20130307,11.3106,11.806,11.1455,11.1455,-3.1567,273760.98
674,002405.SZ,20130308,11.2198,11.2941,10.6832,10.7245,-3.7773,174811.58
675,002405.SZ,20130311,10.8153,11.0134,10.6667,10.7988,0.6928,92097.66
676,002405.SZ,20130312,10.7988,10.9391,10.2291,10.4273,-3.4402,145337.02
677,002405.SZ,20130313,10.386,10.4685,10.097,10.2704,-1.5047,86323.79
678,002405.SZ,20130314,10.3612,10.741,10.3612,10.5181,2.4118,109207.71
679,002405.SZ,20130315,10.5098,10.7905,10.2787,10.5346,0.1569,142777.78
680,002405.SZ,20130318,10.5428,10.6089,10.3034,10.3034,-2.1947,69512.61
681,002405.SZ,20130319,10.2374,10.4768,10.2209,10.4355,1.2821,66279.98
682,002405.SZ,20130320,10.4768,11.0299,10.419,11.0134,5.5378,143028.7
683,002405.SZ,20130321,10.9804,11.1042,10.9061,11.0712,0.5248,145433.17
684,002405.SZ,20130322,11.0712,11.3189,10.9474,11.162,0.8201,139893.91
685,002405.SZ,20130325,11.1373,11.2281,10.8566,10.8731,-2.5882,95255.3
686,002405.SZ,20130326,10.807,11.4345,10.741,11.3932,4.7834,193774.54
687,002405.SZ,20130327,11.3519,11.6079,11.1455,11.3106,-0.725,174745.29
688,002405.SZ,20130328,11.1868,11.1868,10.8566,10.9474,-3.2111,123093.27
689,002405.SZ,20130329,11.0465,11.451,10.9639,11.2694,2.9413,148650.79
690,002405.SZ,20130401,11.2694,11.7977,11.2529,11.7482,4.2487,219475.2
691,002405.SZ,20130402,11.6987,11.7895,11.2033,11.2941,-3.8653,183482.13
692,002405.SZ,20130403,11.2363,11.6904,11.2281,11.451,1.3892,132425.83
693,002405.SZ,20130408,11.1455,11.9546,10.9969,11.9216,4.1097,222859.99
694,002405.SZ,20130409,11.8473,11.9629,11.6904,11.8638,-0.4848,158326.72
695,002405.SZ,20130410,11.872,12.1693,11.7069,11.7152,-1.2525,182373.58
696,002405.SZ,20130411,11.6904,11.8225,11.2529,11.3024,-3.5236,167612.96
697,002405.SZ,20130412,11.2611,11.5253,11.129,11.2859,-0.146,93925.51
698,002405.SZ,20130415,11.2859,11.3849,10.9391,10.9804,-2.7069,92061.52
699,002405.SZ,20130416,10.8978,11.2446,10.8566,11.2116,2.1056,67018.61
700,002405.SZ,20130417,11.2116,11.3437,11.063,11.2363,0.2203,75014.02
701,002405.SZ,20130418,11.1455,11.5088,11.063,11.4758,2.1315,88368.73
702,002405.SZ,20130419,11.4758,11.6987,11.4593,11.5418,0.5751,120259.14
703,002405.SZ,20130422,11.3932,11.6657,11.2694,11.5005,-0.3578,108645.76
704,002405.SZ,20130423,11.6735,11.6935,10.8767,10.9066,-5.1946,150782.6
705,002405.SZ,20130424,10.9464,11.4046,10.7771,11.2552,3.1962,129340.26
706,002405.SZ,20130425,11.1556,11.3249,10.7771,10.8269,-3.8054,113647.27
707,002405.SZ,20130426,10.558,10.6576,9.7412,9.7412,-10.0278,254811.45
708,002405.SZ,20130502,9.552,9.6317,9.2831,9.4424,-3.0674,126470.96
709,002405.SZ,20130503,9.4325,9.7313,9.4325,9.5022,0.6333,131710.72
710,002405.SZ,20130506,9.552,10.04,9.552,9.9703,4.9262,167445.37
711,002405.SZ,20130507,9.9604,10.2393,9.8707,10.1596,1.8986,145876.01
712,002405.SZ,20130508,10.2094,10.3787,10.06,10.1596,0.0,145698.38
713,002405.SZ,20130509,10.1895,10.9564,10.1297,10.8568,6.8625,241184.58
714,002405.SZ,20130510,10.9265,11.9425,10.7572,11.7532,8.2566,428869.79
715,002405.SZ,20130513,12.1516,12.3608,11.7532,12.2712,4.4073,482531.07
716,002405.SZ,20130514,12.2512,12.2512,11.6536,11.7632,-4.1398,266864.74
717,002405.SZ,20130515,11.7632,12.1118,11.6536,11.9425,1.5242,241012.67
718,002405.SZ,20130516,11.9425,13.1278,11.8329,12.4305,4.0862,456906.05
719,002405.SZ,20130517,12.3807,12.7692,12.2014,12.4505,0.1609,309915.03
720,002405.SZ,20130520,12.5401,13.6955,12.5401,13.6955,9.9996,468533.8
721,002405.SZ,20130521,13.7254,14.2433,13.4764,13.825,0.9456,484284.85
722,002405.SZ,20130522,13.8648,14.1039,13.3369,13.5461,-2.0174,290682.97
723,002405.SZ,20130523,13.3668,14.4425,13.3668,13.7353,1.3967,392414.87
724,002405.SZ,20130524,13.825,14.333,13.4465,14.0441,2.2482,288731.12
725,002405.SZ,20130527,13.9545,14.2234,13.5959,13.6955,-2.4822,233136.9
726,002405.SZ,20130528,13.7652,13.8549,12.7493,12.9485,-5.4543,351614.34
727,002405.SZ,20130529,12.9485,13.2473,12.8688,13.1576,1.6149,195749.08
728,002405.SZ,20130530,13.0481,13.3967,12.9485,13.1676,0.076,179950.5
729,002405.SZ,20130531,13.1875,13.5361,12.8588,13.2672,0.7564,254248.94
730,002405.SZ,20130603,13.6059,14.323,13.327,14.0142,5.6304,397445.79
731,002405.SZ,20130604,13.8449,13.9445,13.1078,13.2174,-5.6857,265833.8
732,002405.SZ,20130605,13.2473,13.4465,12.9286,13.1875,-0.2262,140515.73
733,002405.SZ,20130606,13.2274,14.1437,13.2174,13.566,2.8701,293110.21
734,002405.SZ,20130607,13.5162,13.7254,12.7692,12.8987,-4.9189,241974.56
735,002405.SZ,20130613,12.7991,13.8349,11.9524,13.4664,4.4012,313508.13
736,002405.SZ,20130614,13.317,14.8111,13.1975,14.8111,9.9856,677985.95
737,002405.SZ,20130617,14.9405,15.2194,14.5421,15.0103,1.3449,546852.53
738,002405.SZ,20130618,15.0103,15.0103,14.3828,14.7812,-1.5263,341272.6
739,002405.SZ,20130619,14.7413,15.2991,14.3429,15.0302,1.6846,439538.48
740,002405.SZ,20130620,14.7314,15.6975,14.1736,14.3927,-4.2415,490085.89
741,002405.SZ,20130621,13.9146,14.4425,13.0481,14.2334,-1.1068,316044.48
742,002405.SZ,20130624,14.1437,14.5421,13.2871,13.815,-2.9396,365486.9
743,002405.SZ,20130625,13.3668,14.1338,12.4305,13.8748,0.4329,489274.12
744,002405.SZ,20130626,13.7851,15.0601,13.4564,15.0003,8.1118,557160.15
745,002405.SZ,20130627,15.0401,15.1298,14.3628,14.6417,-2.3906,421924.85
746,002405.SZ,20130628,14.3628,14.7613,13.7453,13.9246,-4.8977,416352.08
747,002405.SZ,20130701,12.9684,13.8549,12.6497,13.6955,-1.6453,450148.66
748,002405.SZ,20130702,13.5162,14.1537,13.4564,13.9146,1.5998,310392.58
749,002405.SZ,20130703,13.7453,14.9605,13.4963,14.7812,6.228,486503.69
750,002405.SZ,20130704,14.5222,14.8609,14.2732,14.3728,-2.763,380946.25
751,002405.SZ,20130705,14.3429,15.2194,14.064,14.8609,3.396,534876.41
752,002405.SZ,20130708,14.5222,14.821,13.825,13.825,-6.9706,353159.97
753,002405.SZ,20130709,13.6656,14.9206,13.2473,14.8509,7.4206,456196.18
754,002405.SZ,20130710,14.582,15.2194,14.5322,14.9505,0.6707,534636.9
755,002405.SZ,20130711,14.8409,16.2354,14.6119,15.7175,5.1303,700615.1
756,002405.SZ,20130712,15.7374,16.7733,15.6378,16.1358,2.6614,631459.02
757,002405.SZ,20130715,16.2852,17.1119,16.0163,16.6836,3.3949,435290.56
758,002405.SZ,20130716,16.6338,17.3111,16.3549,16.9027,1.3133,443534.61
759,002405.SZ,20130717,16.9426,17.1816,15.9963,16.0661,-4.9495,448374.05
760,002405.SZ,20130718,15.9067,17.3111,15.837,17.092,6.3855,475500.66
761,002405.SZ,20130719,17.1219,18.1777,16.8231,16.8231,-1.5733,580531.96
762,002405.SZ,20130722,16.9326,18.3071,16.9326,17.9187,6.5125,436030.28
763,002405.SZ,20130723,17.9785,18.3071,17.4804,18.0581,0.778,395123.65
764,002405.SZ,20130724,17.8789,19.2833,17.829,19.0542,5.5161,397556.54
765,002405.SZ,20130725,18.8948,19.1239,17.4306,17.8988,-6.0638,412605.12
766,002405.SZ,20130726,17.6996,18.4267,16.9326,17.7792,-0.6682,309655.56
767,002405.SZ,20130729,17.59,18.1777,17.0322,17.1318,-3.6413,238376.42
768,002405.SZ,20130730,17.082,17.4705,15.9167,16.0661,-6.2206,401469.16
769,002405.SZ,20130731,16.1856,16.7135,15.837,16.2752,1.3015,211148.59
770,002405.SZ,20130801,16.2653,17.1717,16.1059,17.1219,5.2024,240052.37
771,002405.SZ,20130802,17.2414,17.7294,16.7932,16.8828,-1.3965,265899.82
772,002405.SZ,20130805,16.833,17.7195,16.6836,17.6597,4.6017,282120.06
773,002405.SZ,20130806,18.0083,18.3071,17.7294,18.0183,2.0306,393078.13
774,002405.SZ,20130807,18.2175,18.2175,16.7633,17.0322,-5.4728,382536.25
775,002405.SZ,20130808,16.9127,17.0322,16.4147,16.8031,-1.3451,218028.77
776,002405.SZ,20130809,16.7832,16.9625,15.8669,16.0661,-4.3861,317406.12
777,002405.SZ,20130812,16.1059,16.3748,15.4386,16.2155,0.9299,291358.53
778,002405.SZ,20130813,16.1258,16.9326,16.0362,16.6736,2.8251,256383.36
779,002405.SZ,20130814,16.6338,17.0621,16.3649,16.9426,1.6133,282671.74
780,002405.SZ,20130815,16.9625,17.0322,16.5442,16.6139,-1.9401,168340.71
781,002405.SZ,20130816,16.3848,17.1418,15.9864,16.1856,-2.578,251767.35
782,002405.SZ,20130819,15.9366,16.6537,15.7374,16.584,2.4614,175405.43
783,002405.SZ,20130820,16.6139,16.9725,16.4246,16.9127,1.982,265594.56
784,002405.SZ,20130821,16.9326,17.0721,16.6338,16.833,-0.4712,166220.35
785,002405.SZ,20130822,16.8231,17.4306,16.6836,17.331,2.9585,360688.99
786,002405.SZ,20130823,17.4107,17.4804,16.7035,17.0123,-1.8389,325241.56
787,002405.SZ,20130826,17.1119,17.6597,17.1019,17.5302,3.0443,299749.08
788,002405.SZ,20130827,17.5203,17.59,17.0322,17.3111,-1.2498,206171.02
789,002405.SZ,20130828,17.1318,17.7792,16.7334,17.1318,-1.0358,394820.82
790,002405.SZ,20130829,16.7932,16.8031,15.4485,15.4485,-9.8256,612150.71
791,002405.SZ,20130830,14.9405,14.9405,13.9047,13.9047,-9.9932,859986.6
792,002405.SZ,20130902,13.5461,14.0242,13.3668,13.5859,-2.2927,460549.74
793,002405.SZ,20130903,13.8748,14.6119,13.6059,14.323,5.4255,500767.18
794,002405.SZ,20130904,14.2433,14.6816,13.9744,14.0242,-2.0862,373092.28
795,002405.SZ,20130905,14.0043,14.2832,13.9146,14.1238,0.7102,234632.06
796,002405.SZ,20130906,14.2433,14.3628,13.9943,14.1636,0.2818,230933.57
797,002405.SZ,20130909,14.2134,14.4425,14.0939,14.2134,0.3516,268720.68
798,002405.SZ,20130910,14.4226,14.4624,14.074,14.1039,-0.7704,242817.21
799,002405.SZ,20130911,14.0939,14.0939,12.9485,13.4465,-4.6611,435367.68
800,002405.SZ,20130912,13.327,13.5262,13.078,13.1377,-2.2965,227101.42
801,002405.SZ,20130913,13.1377,13.5162,13.0381,13.4266,2.199,222534.22
802,002405.SZ,20130916,13.4564,13.4963,13.2473,13.2772,-1.1127,156709.29
803,002405.SZ,20130917,13.2572,13.4066,12.8787,13.3668,0.6748,209592.71
804,002405.SZ,20130918,13.3668,13.9943,13.2971,13.9545,4.3967,339132.58
805,002405.SZ,20130923,14.0441,14.2931,13.7851,14.1636,1.4984,265008.33
806,002405.SZ,20130924,14.1736,14.3628,13.9246,14.1238,-0.281,204735.96
807,002405.SZ,20130925,14.1736,14.7214,14.0939,14.1537,0.2117,346705.91
808,002405.SZ,20130926,13.9744,14.1636,13.4764,13.6457,-3.5892,206626.87
809,002405.SZ,20130927,13.6457,13.6656,13.1975,13.2074,-3.212,174047.1
810,002405.SZ,20130930,13.2274,13.4166,13.2274,13.2772,0.5285,89888.04
811,002405.SZ,20131008,13.2871,14.0342,13.2871,13.9246,4.876,210272.58
812,002405.SZ,20131009,13.9445,14.3927,13.8549,14.2533,2.3606,258103.67
813,002405.SZ,20131010,14.4126,14.5222,13.9146,13.9744,-1.9567,248794.12
814,002405.SZ,20131011,14.0441,14.2234,13.815,13.9345,-0.2855,158148.41
815,002405.SZ,20131014,13.9445,13.9545,13.5859,13.6756,-1.858,176551.19
816,002405.SZ,20131015,13.5859,13.8847,13.5859,13.8648,1.3835,126352.03
817,002405.SZ,20131016,13.8549,13.8549,13.0879,13.1576,-5.1007,178531.25
818,002405.SZ,20131017,13.1576,13.3967,13.1576,13.2274,0.5305,99833.68
819,002405.SZ,20131018,13.4365,13.6656,13.3568,13.4664,1.8069,115172.88
820,002405.SZ,20131021,13.4963,13.8748,13.2473,13.8349,2.7364,184486.04
821,002405.SZ,20131022,13.8449,13.8549,13.3668,13.4564,-2.7358,142911.88
822,002405.SZ,20131023,13.4266,13.4863,12.9584,13.0082,-3.3308,126270.35
823,002405.SZ,20131024,13.0182,13.1178,12.8987,12.9784,-0.2291,75753.94
824,002405.SZ,20131025,12.9784,13.068,12.1317,12.2811,-5.3728,155910.78
825,002405.SZ,20131028,11.9325,12.2014,11.8329,11.8528,-3.4875,125777.09
826,002405.SZ,20131029,11.8429,12.0321,10.7771,11.2851,-4.7896,152102.56
827,002405.SZ,20131030,11.2154,11.4544,11.1058,11.4046,1.0589,112199.43
828,002405.SZ,20131031,11.4146,11.9325,11.0062,11.7931,3.4065,189080.92
829,002405.SZ,20131101,11.554,11.7433,11.4445,11.4843,-2.6185,114199.92
830,002405.SZ,20131104,11.564,11.6038,11.4245,11.4743,-0.0871,62790.97
831,002405.SZ,20131105,11.4544,11.6038,11.1357,11.554,0.6946,101065.84
832,002405.SZ,20131106,11.5441,11.7532,11.4245,11.4245,-1.1208,119703.54
833,002405.SZ,20131107,11.3449,11.3648,10.8568,10.8767,-4.795,141339.55
834,002405.SZ,20131108,10.7871,11.0859,10.7373,10.8269,-0.4579,71042.56
835,002405.SZ,20131111,10.9166,11.2552,10.8369,11.066,2.2084,91486.99
836,002405.SZ,20131112,11.1656,11.2552,11.0261,11.1158,0.45,61442.62
837,002405.SZ,20131113,11.2154,11.3449,11.1158,11.2154,0.896,137227.25
838,002405.SZ,20131114,11.2353,11.7333,10.9265,11.6337,3.7297,240815.94
839,002405.SZ,20131115,11.6337,12.311,11.564,11.9624,2.8254,319582.86
840,002405.SZ,20131118,12.0421,12.5003,11.9126,12.2214,2.1651,240092.03
841,002405.SZ,20131119,12.1516,12.6995,12.052,12.4604,1.9556,212218.52
842,002405.SZ,20131120,12.3409,12.7493,12.2014,12.5401,0.6396,207840.96
843,002405.SZ,20131121,12.4505,12.4505,12.1118,12.1516,-3.0981,184059.74
844,002405.SZ,20131122,12.1516,12.3807,12.052,12.062,-0.7374,114649.41
845,002405.SZ,20131125,12.2114,12.4903,12.1815,12.1915,1.0736,151402.86
846,002405.SZ,20131126,12.1815,12.2911,11.9325,12.2114,0.1632,145597.61
847,002405.SZ,20131127,12.1716,12.9485,12.1516,12.8489,5.2205,361819.79
848,002405.SZ,20131128,12.9485,13.058,12.6895,12.7592,-0.6981,244184.22
849,002405.SZ,20131129,12.7791,13.1278,12.6696,13.0381,2.1859,237144.2
850,002405.SZ,20131202,12.6795,12.7293,11.7333,11.7831,-9.6256,294147.96
851,002405.SZ,20131203,11.6237,12.1218,11.4046,12.052,2.2821,110463.29
852,002405.SZ,20131204,12.052,12.6497,11.9724,12.3409,2.3971,154638.0
853,002405.SZ,20131205,12.4106,12.5401,12.2811,12.2811,-0.4846,83979.28
854,002405.SZ,20131206,12.301,12.3708,11.9325,12.0122,-2.1895,104207.15
855,002405.SZ,20131209,12.0919,12.2413,11.9524,12.062,0.4146,78056.5
856,002405.SZ,20131210,12.062,12.1417,11.9524,11.9923,-0.5778,76151.24
857,002405.SZ,20131211,12.0022,12.1317,11.8528,11.9425,-0.4153,101441.47
858,002405.SZ,20131212,11.9624,12.1516,11.8927,12.1118,1.4176,102558.15
859,002405.SZ,20131213,12.052,12.1118,11.9524,11.9524,-1.3161,94167.71
860,002405.SZ,20131216,11.9126,12.0122,11.3648,11.4046,-4.5832,145763.95
861,002405.SZ,20131217,11.4046,11.6138,11.2652,11.5042,0.8733,90367.1
862,002405.SZ,20131218,11.5042,11.6735,11.3548,11.3548,-1.2987,79580.86
863,002405.SZ,20131219,11.4544,11.5042,11.1257,11.1257,-2.0176,84345.92
864,002405.SZ,20131220,11.1158,11.2851,10.9564,11.0361,-0.8053,79809.41
865,002405.SZ,20131223,11.1357,11.2054,10.8568,11.0859,0.4512,63571.6
866,002405.SZ,20131224,11.1357,11.4445,11.0859,11.3249,2.1559,85438.14
867,002405.SZ,20131225,11.3648,11.803,11.2951,11.7532,3.7819,128081.11
868,002405.SZ,20131226,11.7233,11.823,11.4943,11.5241,-1.9493,92933.12
869,002405.SZ,20131227,11.564,12.0421,11.554,11.9325,3.5439,137872.54
870,002405.SZ,20131230,12.1317,12.1716,11.9126,12.062,1.0853,121532.66
871,002405.SZ,20131231,12.062,12.2712,11.9524,12.2014,1.1557,125187.21
872,002405.SZ,20140102,12.1417,12.4007,12.052,12.3508,1.2244,138066.12
873,002405.SZ,20140103,12.3508,12.8289,12.052,12.6497,2.4201,250532.25
874,002405.SZ,20140106,12.7194,12.7791,12.0819,12.1118,-4.2523,191284.04
875,002405.SZ,20140107,11.9524,12.3608,11.8628,12.321,1.7272,109517.53
876,002405.SZ,20140108,12.2712,12.7293,12.2114,12.6895,2.9908,187105.28
877,002405.SZ,20140109,12.6795,13.2074,12.6098,12.9286,1.8842,305045.85
878,002405.SZ,20140110,12.7493,12.8489,12.4505,12.5799,-2.6971,154924.91
879,002405.SZ,20140113,12.6596,12.7293,12.1118,12.1317,-3.5628,127952.39
880,002405.SZ,20140114,12.1118,12.9485,12.062,12.9485,6.7328,191851.84
881,002405.SZ,20140115,12.9983,13.1975,12.809,13.1278,1.3847,230830.83
882,002405.SZ,20140116,13.1477,13.2672,12.7991,12.8489,-2.1245,170564.41
883,002405.SZ,20140117,12.9385,13.5959,12.8688,13.1776,2.5582,325522.57
884,002405.SZ,20140120,13.1278,13.5262,12.8289,13.2971,0.9068,218810.37
885,002405.SZ,20140121,13.2473,13.5162,13.1776,13.4066,0.8235,165907.79
886,002405.SZ,20140122,13.3867,13.8051,13.307,13.7752,2.7494,252543.26
887,002405.SZ,20140123,13.7254,14.333,13.6059,13.9744,1.4461,320544.5
888,002405.SZ,20140124,13.9445,14.4425,13.8549,14.2931,2.2806,290782.05
889,002405.SZ,20140127,14.2832,14.6218,14.0939,14.1338,-1.1145,216165.5
890,002405.SZ,20140128,14.4226,14.6318,13.9545,14.3429,1.4794,224062.41
891,002405.SZ,20140129,14.4126,15.4386,14.2433,15.339,6.9449,443104.93
892,002405.SZ,20140130,15.319,15.6378,15.0401,15.1796,-1.0392,246095.16
893,002405.SZ,20140207,15.1995,15.7075,15.0003,15.4684,1.9026,210516.86
894,002405.SZ,20140210,15.588,16.6637,15.578,16.5641,7.0835,377949.81
895,002405.SZ,20140211,17.58,18.2175,16.2952,16.3151,-1.5033,750353.49
896,002405.SZ,20140212,16.1358,16.325,15.4684,15.8071,-3.1137,426426.35
897,002405.SZ,20140213,15.7274,16.3649,15.6079,15.8569,0.315,333745.89
898,002405.SZ,20140214,15.7971,15.9864,14.9505,15.5979,-1.6334,301545.85
899,002405.SZ,20140217,15.6577,16.7135,15.5083,16.574,6.2579,442562.61
900,002405.SZ,20140218,16.9824,17.8888,16.7135,17.4705,5.4091,558976.06
901,002405.SZ,20140219,17.2015,17.4406,16.8529,17.0023,-2.6799,322927.5
902,002405.SZ,20140220,16.8828,17.6697,16.8828,17.1418,0.8205,282635.84
903,002405.SZ,20140221,17.0521,17.4306,16.6139,17.1219,-0.1161,180236.27
904,002405.SZ,20140224,16.833,17.0422,16.1358,16.2354,-5.1776,258963.1
905,002405.SZ,20140225,16.2354,16.7733,15.0003,15.4186,-5.031,285146.83
906,002405.SZ,20140226,15.4386,15.9366,14.9605,15.6975,1.8089,186543.71
907,002405.SZ,20140227,15.6876,16.3948,15.3489,15.3688,-2.094,226949.41
908,002405.SZ,20140522,16.9008,16.9008,16.5812,16.9008,10.0126,344664.43
909,002405.SZ,20140523,16.9807,18.3692,16.9108,18.0895,7.0334,772998.82
910,002405.SZ,20140526,17.8298,18.2793,17.4902,17.8897,-1.1045,427109.16
911,002405.SZ,20140527,17.7798,18.559,17.6,17.6899,-1.1168,396011.01
912,002405.SZ,20140528,17.63,18.4591,17.63,18.2793,3.3318,372943.57
913,002405.SZ,20140529,18.1794,18.1994,17.6,17.68,-3.2786,246891.8
914,002405.SZ,20140530,17.68,17.8098,17.1805,17.64,-0.2262,222743.26
915,002405.SZ,20140603,17.5801,18.0395,17.3803,17.5601,-0.4529,241783.4
916,002405.SZ,20140604,17.3503,17.5301,16.9408,16.9508,-3.4698,195379.23
917,002405.SZ,20140605,16.9408,17.2504,16.8209,17.1605,1.2371,133630.63
918,002405.SZ,20140606,17.1905,17.4602,16.7111,16.771,-2.2697,167603.02
919,002405.SZ,20140609,16.6012,16.6012,15.7921,15.862,-5.4201,274009.38
920,002405.SZ,20140610,15.862,16.4214,15.7821,16.3315,2.9599,187125.82
921,002405.SZ,20140611,16.1617,16.4014,15.9819,16.2915,-0.2449,123446.36
922,002405.SZ,20140612,16.2915,16.8609,16.1617,16.771,2.9433,202143.41
923,002405.SZ,20140613,16.6212,16.9408,16.5612,16.6411,-0.7746,138779.73
924,002405.SZ,20140616,16.6012,17.1206,16.6012,16.9208,1.6808,156586.61
925,002405.SZ,20140617,16.9408,17.0207,16.1017,16.1717,-4.4271,197062.67
926,002405.SZ,20140618,16.2815,16.4613,15.9619,16.0418,-0.8033,121283.71
927,002405.SZ,20140619,16.0019,16.1317,15.3726,15.3826,-4.1093,133371.39
928,002405.SZ,20140620,15.3826,15.7022,15.3226,15.5823,1.2982,93071.26
929,002405.SZ,20140623,15.6023,15.9419,15.4625,15.7022,0.7695,100078.21
930,002405.SZ,20140624,15.7022,16.1417,15.6922,16.0618,2.2901,126158.45
931,002405.SZ,20140625,16.0718,16.0718,15.6123,15.832,-1.4307,82877.56
932,002405.SZ,20140626,15.8221,16.3315,15.7621,16.1717,2.1457,122367.4
933,002405.SZ,20140627,16.1217,16.3015,16.0118,16.1517,-0.1237,93830.54
934,002405.SZ,20140630,16.1717,16.791,16.1317,16.6012,2.783,168563.12
935,002405.SZ,20140701,16.6711,16.751,16.4114,16.6411,0.2403,105072.84
936,002405.SZ,20140702,16.731,17.5501,16.6611,17.2105,3.4216,257985.77
937,002405.SZ,20140703,17.0607,17.4502,16.8109,17.1805,-0.1743,147970.32
938,002405.SZ,20140704,17.1605,17.3603,16.6811,16.741,-2.5581,143555.28
939,002405.SZ,20140707,16.8409,17.2405,16.5213,17.0107,1.611,178168.58
940,002405.SZ,20140708,16.9807,17.7299,16.9008,17.5301,3.0534,274482.63
941,002405.SZ,20140709,17.4003,18.1694,17.2105,17.3603,-0.9686,320856.6
942,002405.SZ,20140710,17.2804,17.5002,16.8709,16.8709,-2.8191,172512.28
943,002405.SZ,20140711,16.741,17.2305,16.731,17.0706,1.1837,94520.4
944,002405.SZ,20140714,16.9008,17.2005,16.741,17.1605,0.5266,106367.98
945,002405.SZ,20140715,17.1605,17.4802,16.6012,16.761,-2.328,136999.11
946,002405.SZ,20140716,16.6311,16.9008,15.9719,16.0418,-4.2909,160149.59
947,002405.SZ,20140717,16.0019,16.2716,15.6822,15.7721,-1.6812,93860.07
948,002405.SZ,20140718,15.7921,16.0318,15.7222,15.832,0.3798,86465.51
949,002405.SZ,20140721,15.882,16.3415,15.6822,16.2116,2.3977,106746.79
950,002405.SZ,20140722,16.1017,16.3515,16.0818,16.1817,-0.1844,82743.26
951,002405.SZ,20140723,16.1717,16.2216,15.7621,15.7821,-2.4695,99971.36
952,002405.SZ,20140724,15.882,16.4014,15.3626,16.3914,3.8607,198437.61
953,002405.SZ,20140725,16.2815,16.2815,15.9419,16.1117,-1.7064,111211.06
954,002405.SZ,20140728,16.0918,16.4813,15.9619,16.3714,1.6119,191024.0
955,002405.SZ,20140729,16.2915,16.9608,16.2915,16.8109,2.6846,206193.07
956,002405.SZ,20140730,16.9008,17.1506,16.6811,16.8709,0.3569,184830.3
957,002405.SZ,20140731,16.9008,17.2504,16.721,17.0207,0.8879,137608.21
958,002405.SZ,20140801,17.0007,17.1805,16.4813,16.4813,-3.1691,148113.27
959,002405.SZ,20140804,16.4813,16.7111,16.4613,16.6711,1.1516,94841.62
960,002405.SZ,20140805,16.6811,16.9608,16.4913,16.721,0.2993,111434.1
961,002405.SZ,20140806,16.8709,17.4402,16.731,17.1605,2.6284,233574.27
962,002405.SZ,20140807,17.0806,17.3603,16.731,16.741,-2.4446,168653.43
963,002405.SZ,20140808,16.771,16.9708,16.731,16.791,0.2987,99971.34
964,002405.SZ,20140811,16.8509,17.4202,16.8509,17.3703,3.4501,184319.42
965,002405.SZ,20140812,17.3803,17.3803,17.1406,17.3004,-0.4024,149535.43
966,002405.SZ,20140813,17.2604,17.3503,16.781,17.1306,-0.9815,137519.93
967,002405.SZ,20140814,17.1106,17.64,17.0407,17.2804,0.8745,240127.4
968,002405.SZ,20140815,17.3703,17.9297,17.3703,17.7499,2.717,229145.52
969,002405.SZ,20140818,17.8098,18.1294,17.7299,18.0595,1.7442,222394.1
970,002405.SZ,20140819,18.0595,18.0795,17.6899,17.8298,-1.2719,180642.67
971,002405.SZ,20140820,17.8398,18.2893,17.5901,17.68,-0.8402,258266.52
972,002405.SZ,20140821,17.68,17.7998,17.3703,17.62,-0.3394,160875.21
973,002405.SZ,20140822,17.7399,19.378,17.7399,19.378,9.9773,624667.95
974,002405.SZ,20140825,19.398,20.277,19.2781,19.428,0.258,714791.73
975,002405.SZ,20140826,19.428,19.8275,18.8386,19.1083,-1.6456,346423.27
976,002405.SZ,20140827,19.1583,20.7665,19.1583,20.4169,6.8483,490753.62
977,002405.SZ,20140828,20.1072,20.3469,19.7776,20.1272,-1.4189,253360.85
978,002405.SZ,20140829,20.1372,20.5467,19.8675,20.0373,-0.4467,213588.51
979,002405.SZ,20140901,20.1671,21.0661,20.1472,20.2371,0.9971,291642.98
980,002405.SZ,20140902,20.267,20.9962,20.0672,20.7864,2.7143,351053.4
981,002405.SZ,20140903,20.8264,20.9562,20.3969,20.7265,-0.2882,277051.94
982,002405.SZ,20140904,20.5767,22.1749,20.4968,21.5955,4.1927,400951.55
983,002405.SZ,20140905,21.5755,22.045,21.3058,21.4657,-0.6011,237418.36
984,002405.SZ,20140909,21.6355,22.3746,21.3957,21.8053,1.5821,271343.48
985,002405.SZ,20140910,21.5556,21.9351,21.4757,21.5655,-1.0997,200106.41
986,002405.SZ,20140911,21.5156,21.5256,20.5567,20.7265,-3.8905,356816.62
987,002405.SZ,20140912,20.8264,21.8253,20.7565,21.7953,5.1567,341634.01
988,002405.SZ,20140915,21.6754,22.974,21.5655,22.6843,4.0789,388127.14
989,002405.SZ,20140916,22.7043,23.4634,21.9251,22.065,-2.7301,407293.65
990,002405.SZ,20140917,22.1948,22.7742,21.7553,22.3147,1.1317,331118.39
991,002405.SZ,20140918,22.4745,22.8441,22.1749,22.3347,0.0896,236073.04
992,002405.SZ,20140919,22.3547,22.4645,21.7653,22.0949,-1.0737,257165.92
993,002405.SZ,20140922,21.9751,22.025,21.206,21.3758,-3.2546,172202.78
994,002405.SZ,20140923,21.2959,21.9451,21.2759,21.7254,1.6355,165137.6
995,002405.SZ,20140924,21.6654,22.2648,21.4557,22.025,1.379,183017.37
996,002405.SZ,20140925,22.3047,24.2225,22.3047,23.4334,6.3946,518079.59
997,002405.SZ,20140926,23.2237,23.7631,22.8841,23.2936,-0.5966,217635.9
998,002405.SZ,20140929,23.3236,24.1726,23.2936,23.5733,1.2008,231862.65
999,002405.SZ,20140930,23.8729,25.6309,23.4834,24.9317,5.7625,404464.59
1000,002405.SZ,20141008,24.9817,26.2502,24.732,25.3912,1.843,295778.4
1001,002405.SZ,20141009,25.4811,26.9494,25.4711,25.8707,1.8884,410692.22
1002,002405.SZ,20141010,25.9206,25.9506,25.2014,25.2913,-2.2396,262251.02
1003,002405.SZ,20141013,24.9217,24.9517,24.2125,24.7619,-2.0932,226376.06
1004,002405.SZ,20141014,24.7519,25.2614,24.2825,24.652,-0.4438,179362.3
1005,002405.SZ,20141015,24.5721,24.9417,23.6532,24.7719,0.4864,218169.22
1006,002405.SZ,20141016,24.4723,24.652,23.5833,23.7131,-4.2742,251770.76
1007,002405.SZ,20141017,23.6432,23.9429,22.6543,23.1038,-2.5695,185128.6
1008,002405.SZ,20141020,23.1737,24.2925,23.1737,24.0128,3.9344,168400.61
1009,002405.SZ,20141021,23.9728,24.4423,23.4734,23.5933,-1.747,144222.96
1010,002405.SZ,20141022,23.773,24.0927,22.974,23.2137,-1.6089,147113.47
1011,002405.SZ,20141023,22.924,23.3236,21.8253,22.065,-4.9484,277745.37
1012,002405.SZ,20141024,22.1549,22.4645,21.9751,22.1249,0.2715,106615.35
1013,002405.SZ,20141027,21.9751,22.7142,21.4757,22.4745,1.5801,121834.28
1014,002405.SZ,20141028,22.7742,23.6632,22.7642,23.6432,5.2001,205571.64
1015,002405.SZ,20141029,23.9229,24.0927,23.4434,23.6132,-0.1269,210338.83
1016,002405.SZ,20141030,23.8729,24.3824,23.5833,23.7631,0.6348,182263.69
1017,002405.SZ,20141031,23.7331,23.9229,22.5145,23.1438,-2.6061,244245.23
1018,002405.SZ,20141103,23.0339,23.773,22.6743,23.7631,2.6759,192183.39
1019,002405.SZ,20141104,23.7031,23.853,23.0938,23.2237,-2.2699,122592.94
1020,002405.SZ,20141105,23.0139,23.4234,22.7842,22.8041,-1.8068,104515.18
1021,002405.SZ,20141106,22.8441,23.0639,22.4845,22.894,0.3942,112206.28
1022,002405.SZ,20141107,22.894,23.3036,22.3946,22.4645,-1.876,131177.38
1023,002405.SZ,20141110,22.5045,22.7342,22.2348,22.3746,-0.4002,96608.95
1024,002405.SZ,20141111,22.3846,22.6743,21.2759,21.6554,-3.2144,182952.29
1025,002405.SZ,20141112,21.4856,22.4745,21.4257,22.3147,3.0445,108750.28
1026,002405.SZ,20141113,22.1249,22.3047,21.0461,21.0961,-5.461,140402.82
1027,002405.SZ,20141114,20.8663,21.2559,20.6266,20.6566,-2.0833,122156.08
1028,002405.SZ,20141117,20.7065,21.4557,20.7065,21.196,2.6113,94582.46
1029,002405.SZ,20141118,21.166,21.7953,21.1161,21.6055,1.932,105641.87
1030,002405.SZ,20141119,21.6654,22.7742,21.5456,22.4745,4.0221,182303.35
1031,002405.SZ,20141120,22.6144,23.0738,22.2048,22.7142,1.0665,172936.33
1032,002405.SZ,20141121,22.7142,23.3735,22.7142,22.7842,0.3082,153681.35
1033,002405.SZ,20141124,23.0339,23.2536,22.4046,22.7842,0.0,145559.21
1034,002405.SZ,20141125,22.974,23.853,22.924,23.6831,3.9453,231823.97
1035,002405.SZ,20141126,23.6532,23.823,23.2436,23.3335,-1.4762,172050.29
1036,002405.SZ,20141127,23.5133,24.0727,23.0738,23.2936,-0.171,190507.78
1037,002405.SZ,20141128,23.3935,23.773,22.8741,23.5733,1.2008,180252.16
1038,002405.SZ,20141201,23.2736,23.4534,21.8852,22.2248,-5.7205,207407.84
1039,002405.SZ,20141202,21.9851,23.0339,21.9751,22.6843,2.0675,159672.73
1040,002405.SZ,20141203,22.5744,23.1637,21.9052,23.1537,2.0693,233465.22
1041,002405.SZ,20141204,23.1238,23.7531,23.0239,23.5533,1.7259,248274.64
1042,002405.SZ,20141205,23.6532,25.611,21.9751,24.4822,3.9438,419231.83
1043,002405.SZ,20141208,24.4523,25.3313,23.8729,24.662,0.7344,410597.82
1044,002405.SZ,20141209,24.1027,24.4723,22.1948,22.1948,-10.0041,407999.34
1045,002405.SZ,20141210,21.9651,22.6943,21.0761,22.4046,0.9453,215664.6
1046,002405.SZ,20141211,22.2747,23.1438,21.8852,22.924,2.3183,171325.95
1047,002405.SZ,20141212,22.914,23.2536,22.4246,22.7342,-0.828,120205.89
1048,002405.SZ,20141215,22.4246,23.2636,21.8852,23.2237,2.1531,147669.58
1049,002405.SZ,20141216,23.2237,23.3735,22.7142,22.964,-1.1183,133785.29
1050,002405.SZ,20141217,23.0738,23.0738,22.2048,22.3746,-2.5666,132554.58
1051,002405.SZ,20141218,22.2947,23.1737,22.1549,22.4645,0.4018,134532.97
1052,002405.SZ,20141219,22.3247,22.3547,21.4457,21.5755,-3.9574,165190.13
1053,002405.SZ,20141222,21.2759,21.2759,19.418,19.418,-9.9998,201230.12
1054,002405.SZ,20141223,19.0284,19.7476,17.9896,18.3692,-5.4012,249524.27
1055,002405.SZ,20141224,18.6389,19.1183,18.4091,18.8986,2.882,136787.8
1056,002405.SZ,20141230,18.8087,20.4668,18.1594,19.3081,2.1668,237990.33
1057,002405.SZ,20141231,19.5678,20.0373,19.0584,19.5079,1.0348,131502.78
1058,002405.SZ,20150105,19.4979,19.4979,18.529,19.0084,-2.5605,163648.34
1059,002405.SZ,20150106,19.0084,19.9574,18.7687,19.8375,4.3618,203007.99
1060,002405.SZ,20150107,19.7576,19.8475,19.5079,19.7876,-0.2515,106717.64
1061,002405.SZ,20150108,19.7376,20.0972,19.6777,19.7776,-0.0505,94051.48
1062,002405.SZ,20150109,19.8575,20.3369,19.5578,19.5778,-1.0102,117142.51
1063,002405.SZ,20150112,19.2582,19.9973,19.0983,19.6277,0.2549,71086.97
1064,002405.SZ,20150113,19.8275,21.156,19.7077,21.1161,7.5832,260154.38
1065,002405.SZ,20150114,21.156,21.4757,20.7764,21.196,0.3784,175101.9
1066,002405.SZ,20150115,21.2459,21.6255,20.6766,20.8064,-1.8381,125696.21
1067,002405.SZ,20150116,20.7265,21.6255,20.6766,21.2559,2.1604,128779.47
1068,002405.SZ,20150119,20.7365,22.5744,20.5767,21.5156,1.2218,340249.05
1069,002405.SZ,20150120,21.6754,22.974,21.6754,22.904,6.453,332793.84
1070,002405.SZ,20150121,22.7942,23.5733,22.6243,22.7642,-0.6104,261002.37
1071,002405.SZ,20150122,22.8041,23.793,22.8041,23.4634,3.0715,245082.88
1072,002405.SZ,20150123,23.3335,23.6132,22.6343,22.8241,-2.7247,185559.36
1073,002405.SZ,20150126,22.8641,23.9029,22.8341,23.5833,3.3263,201995.44
1074,002405.SZ,20150127,23.8629,24.3224,23.0738,23.8629,1.1856,194683.23
1075,002405.SZ,20150128,23.9628,24.3424,23.4734,23.4734,-1.6322,198430.47
1076,002405.SZ,20150129,23.1138,24.1127,22.974,23.773,1.2763,183331.16
1077,002405.SZ,20150130,23.853,24.2225,23.1338,23.1438,-2.6467,157956.74
1078,002405.SZ,20150202,22.7742,23.7531,22.5544,23.2037,0.2588,126460.52
1079,002405.SZ,20150203,23.4734,24.7619,23.2636,24.5522,5.8116,297206.36
1080,002405.SZ,20150204,24.7719,26.7696,24.5721,26.0205,5.9803,417216.66
1081,002405.SZ,20150205,25.9406,27.6686,25.5311,26.1404,0.4608,416791.96
1082,002405.SZ,20150206,25.7808,27.2691,24.8618,25.0616,-4.1269,328422.61
1083,002405.SZ,20150209,25.1215,25.3712,24.4822,24.722,-1.3551,133594.06
1084,002405.SZ,20150210,24.722,25.3413,23.5733,25.2813,2.2624,174332.98
1085,002405.SZ,20150211,25.1315,26.9994,25.0316,26.5699,5.097,223785.84
1086,002405.SZ,20150212,26.5599,26.9594,26.0605,26.1603,-1.5416,129796.8
1087,002405.SZ,20150213,26.47,27.2691,26.1304,26.2203,0.2294,212278.86
1088,002405.SZ,20150216,26.7197,28.8473,26.7197,28.8473,10.019,362265.16
1089,002405.SZ,20150217,29.976,30.3156,28.2779,29.2768,1.4889,357842.64
1090,002405.SZ,20150225,29.3967,29.9061,27.5488,28.1181,-3.9577,242432.68
1091,002405.SZ,20150226,28.0182,28.4577,27.3889,27.9783,-0.4972,158642.54
1092,002405.SZ,20150227,28.1681,29.5565,27.9683,28.9672,3.5345,236304.07
1093,002405.SZ,20150302,28.8673,30.845,27.8284,30.0959,3.8965,296629.68
1094,002405.SZ,20150303,29.8062,31.0548,29.2169,29.3467,-2.4894,277080.37
1095,002405.SZ,20150304,29.1969,30.4555,29.1969,29.966,2.1103,160334.87
1096,002405.SZ,20150305,29.966,30.1059,28.8473,29.2069,-2.5332,163281.24
1097,002405.SZ,20150306,29.2069,29.7163,27.6287,27.7585,-4.9591,188912.35
1098,002405.SZ,20150309,27.5588,28.4378,26.9894,28.0582,1.0797,119875.92
1099,002405.SZ,20150310,27.9883,29.1569,27.8185,28.8373,2.7767,139983.63
1100,002405.SZ,20150311,28.9172,29.2468,27.9683,28.1781,-2.2859,100411.19
1101,002405.SZ,20150312,28.258,28.5876,26.5699,27.7386,-1.5597,168333.95
1102,002405.SZ,20150313,27.7685,28.9272,27.7386,28.4677,2.6285,156030.91
1103,002405.SZ,20150316,28.8573,31.3145,28.7674,31.3145,10.0001,357230.33
1104,002405.SZ,20150317,31.764,33.1824,31.6641,32.7029,4.4337,406095.41
1105,002405.SZ,20150318,32.2634,33.0126,31.6142,32.3533,-1.069,203666.99
1106,002405.SZ,20150319,32.5131,33.9415,32.2934,32.8128,1.4203,218800.17
1107,002405.SZ,20150320,32.8428,35.7595,32.8328,34.8105,6.0882,262558.7
1108,002405.SZ,20150323,34.8405,38.2966,34.8305,38.2966,10.0145,289090.47
1109,002405.SZ,20150324,38.8559,41.9524,36.9381,41.9524,9.546,411052.68
1110,002405.SZ,20150325,42.7915,43.5506,40.8337,41.3831,-1.357,346683.89
1111,002405.SZ,20150326,40.9536,42.6516,38.0768,39.0457,-5.6482,349180.0
1112,002405.SZ,20150327,38.9458,40.1345,37.1579,39.4253,0.9722,250193.39
1113,002405.SZ,20150330,39.9147,40.1045,37.1079,38.4264,-2.5337,363696.05
1114,002405.SZ,20150331,38.9059,42.1123,37.8571,40.7538,6.0568,372719.32
1115,002405.SZ,20150401,40.4142,42.3919,39.9347,41.5529,1.9608,281627.46
1116,002405.SZ,20150402,42.4519,42.7515,40.2444,40.7438,-1.9472,245862.1
1117,002405.SZ,20150403,40.4441,42.5318,39.6251,41.6528,2.231,306418.96
1118,002405.SZ,20150407,41.7127,43.261,40.6739,41.493,-0.3836,279395.19
1119,002405.SZ,20150408,41.493,41.7027,38.1667,38.5563,-7.0776,335849.94
1120,002405.SZ,20150409,38.1068,38.7561,34.7007,37.8771,-1.7616,412299.76
1121,002405.SZ,20150410,37.2578,38.3465,36.4886,37.8071,-0.1848,273997.32
1122,002405.SZ,20150413,37.7572,38.0069,36.9481,37.3576,-1.1889,251609.01
1123,002405.SZ,20150414,37.1579,37.2578,35.9692,36.3388,-2.7272,256941.1
1124,002405.SZ,20150415,36.3388,36.8382,35.3299,35.3299,-2.7764,290655.03
1125,002405.SZ,20150416,35.2101,36.6984,34.2711,36.4187,3.0818,216702.51
1126,002405.SZ,20150417,36.6784,37.6373,35.6196,36.7783,0.9874,341008.75
1127,002405.SZ,20150420,36.3188,36.3488,34.5608,34.8505,-5.2417,336214.95
1128,002405.SZ,20150421,34.9404,36.6884,34.9204,36.2889,4.1273,288538.04
1129,002405.SZ,20150422,36.6584,38.1068,36.6584,37.7072,3.9084,318236.76
1130,002405.SZ,20150423,37.937,39.8248,37.8371,39.2755,4.1592,406202.02
1131,002405.SZ,20150424,38.9558,38.9558,37.4575,38.3066,-2.4669,259811.16
1132,002405.SZ,20150427,41.0435,42.1422,39.9547,40.2843,5.1628,522753.92
1133,002405.SZ,20150428,40.4541,41.1034,37.3676,37.8571,-6.0252,296161.13
1134,002405.SZ,20150429,36.9581,38.4564,35.9592,37.4276,-1.1345,257624.04
1135,002405.SZ,20150430,37.3277,39.0657,37.3077,37.5075,0.2135,247192.75
1136,002405.SZ,20150504,37.3676,39.6351,36.2689,38.5363,2.7429,234634.22
1137,002405.SZ,20150505,38.5563,39.4553,36.8882,38.0868,-1.1664,231571.14
1138,002405.SZ,20150506,38.2167,39.5152,37.4575,38.5063,1.1014,264683.58
1139,002405.SZ,20150507,38.1467,41.2033,37.7672,39.9347,3.7095,337489.49
1140,002405.SZ,20150508,40.3343,43.9302,39.9547,43.9302,10.0051,469179.43
1141,002405.SZ,20150511,43.9602,48.3252,43.9102,48.3252,10.0045,466366.46
1142,002405.SZ,20150512,48.5849,48.9445,46.0378,48.1454,-0.3721,406863.22
1143,002405.SZ,20150513,47.7059,52.96,46.9468,51.6315,7.2408,453232.72
1144,002405.SZ,20150514,51.0,54.3,50.56,52.01,0.7165,357957.45
1145,002405.SZ,20150515,51.01,53.9,48.0,52.36,0.6729,258617.54
1146,002405.SZ,20150518,52.36,57.6,50.9,57.6,10.0076,369374.64
1147,002405.SZ,20150519,59.83,60.98,57.7,58.45,1.4757,305081.73
1148,002405.SZ,20150520,58.85,64.3,58.81,64.3,10.0086,229993.79
1149,002405.SZ,20150521,67.51,70.68,64.0,70.0,8.8647,322275.65
1150,002405.SZ,20150623,63.0,63.0,63.0,63.0,-10.0,15645.0
1151,002405.SZ,20150624,56.7,56.7,56.7,56.7,-10.0,15232.0
1152,002405.SZ,20150625,52.22,54.9,51.03,51.03,-10.0,600832.94
1153,002405.SZ,20150626,46.4,46.94,45.93,45.93,-9.9941,100368.0
1154,002405.SZ,20150629,41.34,41.34,41.34,41.34,-9.9935,66982.0
1155,002405.SZ,20150630,37.21,45.47,37.21,43.8,5.9507,691342.47
1156,002405.SZ,20150701,42.0,44.56,39.42,39.42,-10.0,466680.33
1157,002405.SZ,20150702,36.5,38.9,35.48,35.48,-9.9949,380979.91
1158,002405.SZ,20150703,31.96,36.43,31.93,31.93,-10.0056,485190.17
1159,002405.SZ,20150706,33.5,34.6,28.74,28.74,-9.9906,594785.04
1160,002405.SZ,20150707,26.25,27.83,25.87,25.87,-9.9861,243564.96
1161,002405.SZ,20150708,23.28,26.8,23.28,25.31,-2.1647,1641168.3
1162,002405.SZ,20150709,23.0,27.84,23.0,27.84,9.996,631991.25
1163,002405.SZ,20150710,29.0,30.62,28.1,30.62,9.9856,232675.03
1164,002405.SZ,20150713,33.0,33.68,31.6,33.68,9.9935,449556.2
1165,002405.SZ,20150714,34.0,37.05,33.65,36.98,9.7981,654305.08
1166,002405.SZ,20150715,35.3,36.2,33.28,33.28,-10.0054,258330.5
1167,002405.SZ,20150716,31.5,34.96,29.95,32.49,-2.3738,423327.03
1168,002405.SZ,20150717,33.0,35.74,32.6,35.49,9.2336,389462.9
1169,002405.SZ,20150720,34.96,39.0,34.5,37.15,4.6774,417202.35
1170,002405.SZ,20150721,36.0,38.0,35.4,37.06,-0.2423,299214.21
1171,002405.SZ,20150722,37.08,39.86,37.08,38.9,4.9649,401028.47
1172,002405.SZ,20150723,39.27,40.9,37.68,40.09,3.0591,383587.39
1173,002405.SZ,20150724,40.3,44.1,39.55,42.19,5.2382,490553.83
1174,002405.SZ,20150727,41.13,46.37,37.97,37.97,-10.0024,692979.03
1175,002405.SZ,20150728,35.05,39.99,34.77,37.35,-1.6329,535832.12
1176,002405.SZ,20150729,38.4,41.0,33.63,40.92,9.5582,518172.45
1177,002405.SZ,20150730,40.5,43.28,39.3,39.57,-3.2991,592921.18
1178,002405.SZ,20150731,38.3,39.48,35.69,36.4,-8.0111,370108.77
1179,002405.SZ,20150803,35.0,35.87,32.76,32.76,-10.0,271007.74
1180,002405.SZ,20150804,32.6,36.04,30.6,36.04,10.0122,489814.7
1181,002405.SZ,20150805,35.38,36.39,33.5,34.14,-5.2719,418730.41
1182,002405.SZ,20150806,32.5,34.46,32.2,32.84,-3.8079,251872.0
1183,002405.SZ,20150807,33.59,35.02,33.33,34.44,4.8721,305555.18
1184,002405.SZ,20150810,35.02,37.88,35.0,37.88,9.9884,370057.82
1185,002405.SZ,20150811,38.46,39.68,37.1,38.04,0.4224,454669.49
1186,002405.SZ,20150812,37.34,39.96,37.13,38.2,0.4206,344373.3
1187,002405.SZ,20150813,38.18,42.0,36.31,41.38,8.3246,409541.79
1188,002405.SZ,20150814,41.14,41.98,40.17,40.67,-1.7158,389359.46
1189,002405.SZ,20150817,40.01,42.81,39.85,41.59,2.2621,367067.96
1190,002405.SZ,20150818,41.8,42.25,37.43,37.43,-10.0024,395587.13
1191,002405.SZ,20150819,35.2,38.87,33.7,37.73,0.8015,371249.11
1192,002405.SZ,20150820,37.81,39.75,36.05,36.53,-3.1805,356214.8
1193,002405.SZ,20150821,35.11,36.47,32.91,32.91,-9.9097,318864.59
1194,002405.SZ,20150824,30.28,31.58,29.62,29.62,-9.997,136671.07
1195,002405.SZ,20150825,26.66,27.38,26.66,26.66,-9.9932,166786.37
1196,002405.SZ,20150826,26.66,27.55,23.99,23.99,-10.015,421529.95
1197,002405.SZ,20150827,24.6,25.25,21.6,24.0,0.0417,417369.87
1198,002405.SZ,20150828,24.99,26.4,24.2,26.4,10.0,420406.05
1199,002405.SZ,20150831,26.87,27.35,25.9,25.95,-1.7045,392382.32
1200,002405.SZ,20150901,25.03,25.3,23.36,23.36,-9.9807,271756.29
1201,002405.SZ,20150902,21.11,24.26,21.02,21.02,-10.0171,368332.56
1202,002405.SZ,20150907,21.5,22.99,21.31,21.82,3.8059,292647.34
1203,002405.SZ,20150908,21.46,24.0,21.36,23.95,9.7617,288014.11
1204,002405.SZ,20150909,24.7,26.08,24.28,25.85,7.9332,376969.17
1205,002405.SZ,20150910,25.4,26.55,25.0,25.25,-2.3211,271983.07
1206,002405.SZ,20150911,25.03,26.3,25.03,25.9,2.5743,223400.14
1207,002405.SZ,20150914,26.48,26.56,23.31,23.31,-10.0,253372.31
1208,002405.SZ,20150915,21.62,22.49,20.98,20.98,-9.9957,319235.92
1209,002405.SZ,20150916,21.02,23.08,20.51,23.08,10.0095,341283.74
1210,002405.SZ,20150917,23.43,24.5,22.6,22.6,-2.0797,414168.28
1211,002405.SZ,20150918,22.92,23.49,22.48,23.15,2.4336,225090.72
1212,002405.SZ,20150921,22.89,25.47,22.5,25.47,10.0216,354927.11
1213,002405.SZ,20150922,26.0,26.65,24.8,25.62,0.5889,405288.43
1214,002405.SZ,20150923,24.89,26.48,24.66,25.68,0.2342,330147.65
1215,002405.SZ,20150924,25.81,27.17,25.79,26.33,2.5312,354736.81
1216,002405.SZ,20150925,26.0,26.31,23.77,24.01,-8.8112,289590.88
1217,002405.SZ,20150928,24.3,25.99,23.55,25.8,7.4552,248964.3
1218,002405.SZ,20150929,25.05,25.69,24.39,24.81,-3.8372,198873.52
1219,002405.SZ,20150930,25.15,25.88,24.5,25.15,1.3704,222741.67
1220,002405.SZ,20151008,26.77,27.25,26.0,26.96,7.1968,286301.08
1221,002405.SZ,20151009,27.09,29.28,27.09,28.02,3.9318,328410.8
1222,002405.SZ,20151012,28.2,30.81,27.8,30.12,7.4946,360822.75
1223,002405.SZ,20151013,29.78,30.82,29.4,30.11,-0.0332,284302.25
1224,002405.SZ,20151014,29.99,30.38,29.0,29.0,-3.6865,252540.78
1225,002405.SZ,20151015,28.88,30.85,28.76,30.85,6.3793,291268.47
1226,002405.SZ,20151016,31.1,33.94,31.1,33.94,10.0162,446628.64
1227,002405.SZ,20151019,34.98,36.88,33.78,34.93,2.9169,478331.4
1228,002405.SZ,20151020,34.48,38.39,34.1,37.65,7.787,420028.7
1229,002405.SZ,20151021,37.5,38.43,33.89,33.89,-9.9867,493851.04
1230,002405.SZ,20151022,33.61,35.49,32.65,34.9,2.9802,420266.71
1231,002405.SZ,20151023,35.2,37.25,35.11,35.2,0.8596,404220.96
1232,002405.SZ,20151026,35.79,35.8,33.33,34.39,-2.3011,423234.55
1233,002405.SZ,20151027,34.1,37.35,33.0,36.95,7.444,426928.98
1234,002405.SZ,20151028,36.0,36.65,34.0,34.2,-7.4425,382827.62
1235,002405.SZ,20151029,34.55,34.78,32.8,33.89,-0.9064,304574.37
1236,002405.SZ,20151030,33.5,35.66,33.26,33.97,0.2361,318420.3
1237,002405.SZ,20151102,33.03,35.32,32.8,33.4,-1.678,275855.66
1238,002405.SZ,20151103,33.83,33.99,32.12,32.25,-3.4431,220546.87
1239,002405.SZ,20151104,32.5,35.2,32.47,35.15,8.9922,337177.36
1240,002405.SZ,20151105,35.36,35.48,33.88,34.54,-1.7354,399941.77
1241,002405.SZ,20151106,34.62,37.59,34.55,37.1,7.4117,538571.16
1242,002405.SZ,20151109,37.08,40.18,36.0,39.24,5.7682,530353.97
1243,002405.SZ,20151110,38.28,39.58,37.6,38.92,-0.8155,325729.49
1244,002405.SZ,20151111,39.2,40.85,38.6,39.79,2.2354,281874.19
1245,002405.SZ,20151112,40.2,40.56,37.12,38.86,-2.3373,411586.85
1246,002405.SZ,20151113,38.03,38.95,37.5,37.7,-2.9851,218842.8
1247,002405.SZ,20151116,36.42,38.9,36.3,38.9,3.183,247061.1
1248,002405.SZ,20151117,39.7,40.9,38.05,38.22,-1.7481,387261.26
1249,002405.SZ,20151118,38.5,39.8,37.22,37.77,-1.1774,302457.73
1250,002405.SZ,20151119,37.9,40.59,37.85,40.27,6.619,316600.42
1251,002405.SZ,20151120,40.88,44.11,40.78,41.92,4.0973,457349.83
1252,002405.SZ,20151123,42.02,43.87,41.2,42.45,1.2643,286255.07
1253,002405.SZ,20151124,42.0,44.1,41.17,43.91,3.4393,243775.35
1254,002405.SZ,20151125,44.2,45.6,43.51,44.09,0.4099,226286.71
1255,002405.SZ,20151126,44.51,45.98,44.0,44.51,0.9526,211863.12
1256,002405.SZ,20151127,44.86,44.86,40.06,40.06,-9.9978,300527.1
1257,002405.SZ,20151130,40.6,41.06,36.11,40.8,1.8472,287117.12
1258,002405.SZ,20151201,40.2,41.01,38.11,39.3,-3.6765,216758.8
1259,002405.SZ,20151202,39.21,39.21,36.45,37.1,-5.598,233432.07
1260,002405.SZ,20151203,37.2,39.69,37.2,39.62,6.7925,196683.27
1261,002405.SZ,20151204,39.08,39.48,38.01,38.64,-2.4735,158098.56
1262,002405.SZ,20151207,38.49,39.98,38.01,39.24,1.5528,145910.74
1263,002405.SZ,20151208,39.2,40.56,38.1,39.69,1.1468,194444.29
1264,002405.SZ,20151209,39.27,39.58,37.45,38.08,-4.0564,196210.53
1265,002405.SZ,20151210,38.1,41.43,38.0,39.2,2.9412,238356.2
1266,002405.SZ,20151211,39.46,42.8,39.05,41.42,5.6633,344240.88
1267,002405.SZ,20151214,41.38,42.0,39.91,41.59,0.4104,222150.04
1268,002405.SZ,20151215,42.93,44.68,41.63,42.1,1.2263,338723.33
1269,002405.SZ,20151216,42.04,45.5,42.04,43.94,4.3705,388357.9
1270,002405.SZ,20151217,43.7,44.79,43.3,44.56,1.411,415025.1
1271,002405.SZ,20151218,45.1,45.3,42.9,42.99,-3.5233,288455.69
1272,002405.SZ,20151221,42.53,43.09,40.7,41.7,-3.0007,413884.53
1273,002405.SZ,20151222,41.82,45.85,41.8,43.43,4.1487,343678.82
1274,002405.SZ,20151223,43.0,43.69,41.94,42.11,-3.0394,186004.38
1275,002405.SZ,20151224,42.1,42.1,40.43,41.49,-1.4723,187598.63
1276,002405.SZ,20151225,41.53,42.63,41.4,41.94,1.0846,155434.82
1277,002405.SZ,20151228,42.69,44.44,41.48,42.27,0.7868,393619.29
1278,002405.SZ,20151229,41.87,41.93,40.0,41.35,-2.1765,259048.3
1279,002405.SZ,20151230,41.39,42.27,40.6,40.96,-0.9432,318862.46
1280,002405.SZ,20151231,41.0,41.1,38.78,38.8,-5.2734,402472.1
